plate,well,row,col,tip,rep,rwell,transfer_n,turnover_strain,transfer_to_well,infection_to_well,treatment_with
1,1,A,1,1,1,1,14,B_r,NA,NA,none
1,2,A,2,1,2,1,14,B_r,NA,NA,none
1,3,A,3,1,1,2,14,A_r,NA,NA,none
1,4,A,4,1,2,2,14,A_r,NA,NA,none
1,5,A,5,1,1,3,14,NA,3,NA,none
1,6,A,6,1,2,3,14,NA,3,NA,none
1,7,A,7,1,1,4,14,B_r,NA,34,none
1,8,A,8,1,2,4,14,B_r,NA,34,none
1,9,A,9,1,1,5,14,NA,5,NA,none
1,10,A,10,1,2,5,14,NA,5,NA,none
1,11,A,11,1,1,6,14,bl,NA,NA,none
1,12,A,12,1,2,6,14,bl,NA,NA,none
1,13,A,13,1,1,7,14,A_r,NA,55,none
1,14,A,14,1,2,7,14,A_r,NA,55,none
1,15,A,15,1,1,8,14,A_r,NA,NA,none
1,16,A,16,1,2,8,14,A_r,NA,NA,none
1,17,A,17,1,1,9,14,B_r,NA,NA,none
1,18,A,18,1,2,9,14,B_r,NA,NA,none
1,19,A,19,1,1,10,14,A_r,NA,9,none
1,20,A,20,1,2,10,14,A_r,NA,9,none
1,21,A,21,1,1,11,14,B_r,NA,83,none
1,22,A,22,1,2,11,14,B_r,NA,83,none
1,23,A,23,1,1,12,14,NA,12,86,none
1,24,A,24,1,2,12,14,NA,12,86,none
1,25,B,1,1,4,1,14,B_r,NA,NA,none
1,26,B,2,1,3,1,14,B_r,NA,NA,none
1,27,B,3,1,4,2,14,A_r,NA,NA,none
1,28,B,4,1,3,2,14,A_r,NA,NA,none
1,29,B,5,1,4,3,14,NA,3,NA,none
1,30,B,6,1,3,3,14,NA,3,NA,none
1,31,B,7,1,4,4,14,B_r,NA,34,none
1,32,B,8,1,3,4,14,B_r,NA,34,none
1,33,B,9,1,4,5,14,NA,5,NA,none
1,34,B,10,1,3,5,14,NA,5,NA,none
1,35,B,11,1,4,6,14,bl,NA,NA,none
1,36,B,12,1,3,6,14,bl,NA,NA,none
1,37,B,13,1,4,7,14,A_r,NA,55,none
1,38,B,14,1,3,7,14,A_r,NA,55,none
1,39,B,15,1,4,8,14,A_r,NA,NA,none
1,40,B,16,1,3,8,14,A_r,NA,NA,none
1,41,B,17,1,4,9,14,B_r,NA,NA,none
1,42,B,18,1,3,9,14,B_r,NA,NA,none
1,43,B,19,1,4,10,14,A_r,NA,9,none
1,44,B,20,1,3,10,14,A_r,NA,9,none
1,45,B,21,1,4,11,14,B_r,NA,83,none
1,46,B,22,1,3,11,14,B_r,NA,83,none
1,47,B,23,1,4,12,14,NA,12,86,none
1,48,B,24,1,3,12,14,NA,12,86,none
1,49,C,1,2,1,13,14,B_r,NA,NA,none
1,50,C,2,2,2,13,14,B_r,NA,NA,none
1,51,C,3,2,1,14,14,A_r,NA,NA,none
1,52,C,4,2,2,14,14,A_r,NA,NA,none
1,53,C,5,2,1,15,14,B_r,NA,NA,none
1,54,C,6,2,2,15,14,B_r,NA,NA,none
1,55,C,7,2,1,16,14,NA,16,NA,none
1,56,C,8,2,2,16,14,NA,16,NA,none
1,57,C,9,2,1,17,14,B_r,NA,19,none
1,58,C,10,2,2,17,14,B_r,NA,19,none
1,59,C,11,2,1,18,14,A_r,NA,NA,none
1,60,C,12,2,2,18,14,A_r,NA,NA,none
1,61,C,13,2,1,19,14,NA,19,NA,none
1,62,C,14,2,2,19,14,NA,19,NA,none
1,63,C,15,2,1,20,14,A_r,NA,NA,none
1,64,C,16,2,2,20,14,A_r,NA,NA,none
1,65,C,17,2,1,21,14,B_r,NA,63,none
1,66,C,18,2,2,21,14,B_r,NA,63,none
1,67,C,19,2,1,22,14,A_r,NA,NA,none
1,68,C,20,2,2,22,14,A_r,NA,NA,none
1,69,C,21,2,1,23,14,A_r,NA,NA,none
1,70,C,22,2,2,23,14,A_r,NA,NA,none
1,71,C,23,2,1,24,14,B_r,NA,61,none
1,72,C,24,2,2,24,14,B_r,NA,61,none
1,73,D,1,2,4,13,14,B_r,NA,NA,none
1,74,D,2,2,3,13,14,B_r,NA,NA,none
1,75,D,3,2,4,14,14,A_r,NA,NA,none
1,76,D,4,2,3,14,14,A_r,NA,NA,none
1,77,D,5,2,4,15,14,B_r,NA,NA,none
1,78,D,6,2,3,15,14,B_r,NA,NA,none
1,79,D,7,2,4,16,14,NA,16,NA,none
1,80,D,8,2,3,16,14,NA,16,NA,none
1,81,D,9,2,4,17,14,B_r,NA,19,none
1,82,D,10,2,3,17,14,B_r,NA,19,none
1,83,D,11,2,4,18,14,A_r,NA,NA,none
1,84,D,12,2,3,18,14,A_r,NA,NA,none
1,85,D,13,2,4,19,14,NA,19,NA,none
1,86,D,14,2,3,19,14,NA,19,NA,none
1,87,D,15,2,4,20,14,A_r,NA,NA,none
1,88,D,16,2,3,20,14,A_r,NA,NA,none
1,89,D,17,2,4,21,14,B_r,NA,63,none
1,90,D,18,2,3,21,14,B_r,NA,63,none
1,91,D,19,2,4,22,14,A_r,NA,NA,none
1,92,D,20,2,3,22,14,A_r,NA,NA,none
1,93,D,21,2,4,23,14,A_r,NA,NA,none
1,94,D,22,2,3,23,14,A_r,NA,NA,none
1,95,D,23,2,4,24,14,B_r,NA,61,none
1,96,D,24,2,3,24,14,B_r,NA,61,none
1,97,E,1,3,1,25,14,NA,25,NA,none
1,98,E,2,3,2,25,14,NA,25,NA,none
1,99,E,3,3,1,26,14,NA,26,86,none
1,100,E,4,3,2,26,14,NA,26,86,none
1,101,E,5,3,1,27,14,B_r,NA,79,none
1,102,E,6,3,2,27,14,B_r,NA,79,none
1,103,E,7,3,1,28,14,A_r,NA,56,none
1,104,E,8,3,2,28,14,A_r,NA,56,none
1,105,E,9,3,1,29,14,A_r,NA,NA,none
1,106,E,10,3,2,29,14,A_r,NA,NA,none
1,107,E,11,3,1,30,14,NA,30,56,none
1,108,E,12,3,2,30,14,NA,30,56,none
1,109,E,13,3,1,31,14,B_r,NA,NA,none
1,110,E,14,3,2,31,14,B_r,NA,NA,none
1,111,E,15,3,1,32,14,NA,32,NA,none
1,112,E,16,3,2,32,14,NA,32,NA,none
1,113,E,17,3,1,33,14,A_r,NA,48,none
1,114,E,18,3,2,33,14,A_r,NA,48,none
1,115,E,19,3,1,34,14,B_r,NA,NA,none
1,116,E,20,3,2,34,14,B_r,NA,NA,none
1,117,E,21,3,1,35,14,B_r,NA,NA,none
1,118,E,22,3,2,35,14,B_r,NA,NA,none
1,119,E,23,3,1,36,14,B_r,NA,NA,none
1,120,E,24,3,2,36,14,B_r,NA,NA,none
1,121,F,1,3,4,25,14,NA,25,NA,none
1,122,F,2,3,3,25,14,NA,25,NA,none
1,123,F,3,3,4,26,14,NA,26,86,none
1,124,F,4,3,3,26,14,NA,26,86,none
1,125,F,5,3,4,27,14,B_r,NA,79,none
1,126,F,6,3,3,27,14,B_r,NA,79,none
1,127,F,7,3,4,28,14,A_r,NA,56,none
1,128,F,8,3,3,28,14,A_r,NA,56,none
1,129,F,9,3,4,29,14,A_r,NA,NA,none
1,130,F,10,3,3,29,14,A_r,NA,NA,none
1,131,F,11,3,4,30,14,NA,30,56,none
1,132,F,12,3,3,30,14,NA,30,56,none
1,133,F,13,3,4,31,14,B_r,NA,NA,none
1,134,F,14,3,3,31,14,B_r,NA,NA,none
1,135,F,15,3,4,32,14,NA,32,NA,none
1,136,F,16,3,3,32,14,NA,32,NA,none
1,137,F,17,3,4,33,14,A_r,NA,48,none
1,138,F,18,3,3,33,14,A_r,NA,48,none
1,139,F,19,3,4,34,14,B_r,NA,NA,none
1,140,F,20,3,3,34,14,B_r,NA,NA,none
1,141,F,21,3,4,35,14,B_r,NA,NA,none
1,142,F,22,3,3,35,14,B_r,NA,NA,none
1,143,F,23,3,4,36,14,B_r,NA,NA,none
1,144,F,24,3,3,36,14,B_r,NA,NA,none
1,145,G,1,4,1,37,14,A_r,NA,NA,none
1,146,G,2,4,2,37,14,A_r,NA,NA,none
1,147,G,3,4,1,38,14,NA,38,50,none
1,148,G,4,4,2,38,14,NA,38,50,none
1,149,G,5,4,1,39,14,A_r,NA,82,none
1,150,G,6,4,2,39,14,A_r,NA,82,none
1,151,G,7,4,1,40,14,NA,40,NA,none
1,152,G,8,4,2,40,14,NA,40,NA,none
1,153,G,9,4,1,41,14,B_r,NA,NA,none
1,154,G,10,4,2,41,14,B_r,NA,NA,none
1,155,G,11,4,1,42,14,A_r,NA,29,none
1,156,G,12,4,2,42,14,A_r,NA,29,none
1,157,G,13,4,1,43,14,A_r,NA,NA,none
1,158,G,14,4,2,43,14,A_r,NA,NA,none
1,159,G,15,4,1,44,14,NA,44,NA,none
1,160,G,16,4,2,44,14,NA,44,NA,none
1,161,G,17,4,1,45,14,NA,45,NA,none
1,162,G,18,4,2,45,14,NA,45,NA,none
1,163,G,19,4,1,46,14,NA,46,3,none
1,164,G,20,4,2,46,14,NA,46,3,none
1,165,G,21,4,1,47,14,B_r,NA,NA,none
1,166,G,22,4,2,47,14,B_r,NA,NA,none
1,167,G,23,4,1,48,14,NA,48,NA,none
1,168,G,24,4,2,48,14,NA,48,NA,none
1,169,H,1,4,4,37,14,A_r,NA,NA,none
1,170,H,2,4,3,37,14,A_r,NA,NA,none
1,171,H,3,4,4,38,14,NA,38,50,none
1,172,H,4,4,3,38,14,NA,38,50,none
1,173,H,5,4,4,39,14,A_r,NA,82,none
1,174,H,6,4,3,39,14,A_r,NA,82,none
1,175,H,7,4,4,40,14,NA,40,NA,none
1,176,H,8,4,3,40,14,NA,40,NA,none
1,177,H,9,4,4,41,14,B_r,NA,NA,none
1,178,H,10,4,3,41,14,B_r,NA,NA,none
1,179,H,11,4,4,42,14,A_r,NA,29,none
1,180,H,12,4,3,42,14,A_r,NA,29,none
1,181,H,13,4,4,43,14,A_r,NA,NA,none
1,182,H,14,4,3,43,14,A_r,NA,NA,none
1,183,H,15,4,4,44,14,NA,44,NA,none
1,184,H,16,4,3,44,14,NA,44,NA,none
1,185,H,17,4,4,45,14,NA,45,NA,none
1,186,H,18,4,3,45,14,NA,45,NA,none
1,187,H,19,4,4,46,14,NA,46,3,none
1,188,H,20,4,3,46,14,NA,46,3,none
1,189,H,21,4,4,47,14,B_r,NA,NA,none
1,190,H,22,4,3,47,14,B_r,NA,NA,none
1,191,H,23,4,4,48,14,NA,48,NA,none
1,192,H,24,4,3,48,14,NA,48,NA,none
1,193,I,1,5,1,49,14,NA,49,64,none
1,194,I,2,5,2,49,14,NA,49,64,none
1,195,I,3,5,1,50,14,NA,50,NA,none
1,196,I,4,5,2,50,14,NA,50,NA,none
1,197,I,5,5,1,51,14,A_r,NA,35,none
1,198,I,6,5,2,51,14,A_r,NA,35,none
1,199,I,7,5,1,52,14,NA,52,NA,none
1,200,I,8,5,2,52,14,NA,52,NA,none
1,201,I,9,5,1,53,14,NA,53,NA,none
1,202,I,10,5,2,53,14,NA,53,NA,none
1,203,I,11,5,1,54,14,A_r,NA,NA,none
1,204,I,12,5,2,54,14,A_r,NA,NA,none
1,205,I,13,5,1,55,14,NA,55,NA,none
1,206,I,14,5,2,55,14,NA,55,NA,none
1,207,I,15,5,1,56,14,A_r,NA,NA,none
1,208,I,16,5,2,56,14,A_r,NA,NA,none
1,209,I,17,5,1,57,14,A_r,NA,NA,none
1,210,I,18,5,2,57,14,A_r,NA,NA,none
1,211,I,19,5,1,58,14,A_r,NA,NA,none
1,212,I,20,5,2,58,14,A_r,NA,NA,none
1,213,I,21,5,1,59,14,B_r,NA,14,none
1,214,I,22,5,2,59,14,B_r,NA,14,none
1,215,I,23,5,1,60,14,NA,60,NA,none
1,216,I,24,5,2,60,14,NA,60,NA,none
1,217,J,1,5,4,49,14,NA,49,64,none
1,218,J,2,5,3,49,14,NA,49,64,none
1,219,J,3,5,4,50,14,NA,50,NA,none
1,220,J,4,5,3,50,14,NA,50,NA,none
1,221,J,5,5,4,51,14,A_r,NA,35,none
1,222,J,6,5,3,51,14,A_r,NA,35,none
1,223,J,7,5,4,52,14,NA,52,NA,none
1,224,J,8,5,3,52,14,NA,52,NA,none
1,225,J,9,5,4,53,14,NA,53,NA,none
1,226,J,10,5,3,53,14,NA,53,NA,none
1,227,J,11,5,4,54,14,A_r,NA,NA,none
1,228,J,12,5,3,54,14,A_r,NA,NA,none
1,229,J,13,5,4,55,14,NA,55,NA,none
1,230,J,14,5,3,55,14,NA,55,NA,none
1,231,J,15,5,4,56,14,A_r,NA,NA,none
1,232,J,16,5,3,56,14,A_r,NA,NA,none
1,233,J,17,5,4,57,14,A_r,NA,NA,none
1,234,J,18,5,3,57,14,A_r,NA,NA,none
1,235,J,19,5,4,58,14,A_r,NA,NA,none
1,236,J,20,5,3,58,14,A_r,NA,NA,none
1,237,J,21,5,4,59,14,B_r,NA,14,none
1,238,J,22,5,3,59,14,B_r,NA,14,none
1,239,J,23,5,4,60,14,NA,60,NA,none
1,240,J,24,5,3,60,14,NA,60,NA,none
1,241,K,1,6,1,61,14,A_r,NA,NA,none
1,242,K,2,6,2,61,14,A_r,NA,NA,none
1,243,K,3,6,1,62,14,NA,62,NA,none
1,244,K,4,6,2,62,14,NA,62,NA,none
1,245,K,5,6,1,63,14,B_r,NA,NA,none
1,246,K,6,6,2,63,14,B_r,NA,NA,none
1,247,K,7,6,1,64,14,NA,64,NA,none
1,248,K,8,6,2,64,14,NA,64,NA,none
1,249,K,9,6,1,65,14,NA,65,36,none
1,250,K,10,6,2,65,14,NA,65,36,none
1,251,K,11,6,1,66,14,NA,66,29,none
1,252,K,12,6,2,66,14,NA,66,29,none
1,253,K,13,6,1,67,14,NA,67,NA,none
1,254,K,14,6,2,67,14,NA,67,NA,none
1,255,K,15,6,1,68,14,NA,68,NA,none
1,256,K,16,6,2,68,14,NA,68,NA,none
1,257,K,17,6,1,69,14,NA,69,NA,none
1,258,K,18,6,2,69,14,NA,69,NA,none
1,259,K,19,6,1,70,14,B_r,NA,22,none
1,260,K,20,6,2,70,14,B_r,NA,22,none
1,261,K,21,6,1,71,14,A_r,NA,NA,none
1,262,K,22,6,2,71,14,A_r,NA,NA,none
1,263,K,23,6,1,72,14,NA,72,NA,none
1,264,K,24,6,2,72,14,NA,72,NA,none
1,265,L,1,6,4,61,14,A_r,NA,NA,none
1,266,L,2,6,3,61,14,A_r,NA,NA,none
1,267,L,3,6,4,62,14,NA,62,NA,none
1,268,L,4,6,3,62,14,NA,62,NA,none
1,269,L,5,6,4,63,14,B_r,NA,NA,none
1,270,L,6,6,3,63,14,B_r,NA,NA,none
1,271,L,7,6,4,64,14,NA,64,NA,none
1,272,L,8,6,3,64,14,NA,64,NA,none
1,273,L,9,6,4,65,14,NA,65,36,none
1,274,L,10,6,3,65,14,NA,65,36,none
1,275,L,11,6,4,66,14,NA,66,29,none
1,276,L,12,6,3,66,14,NA,66,29,none
1,277,L,13,6,4,67,14,NA,67,NA,none
1,278,L,14,6,3,67,14,NA,67,NA,none
1,279,L,15,6,4,68,14,NA,68,NA,none
1,280,L,16,6,3,68,14,NA,68,NA,none
1,281,L,17,6,4,69,14,NA,69,NA,none
1,282,L,18,6,3,69,14,NA,69,NA,none
1,283,L,19,6,4,70,14,B_r,NA,22,none
1,284,L,20,6,3,70,14,B_r,NA,22,none
1,285,L,21,6,4,71,14,A_r,NA,NA,none
1,286,L,22,6,3,71,14,A_r,NA,NA,none
1,287,L,23,6,4,72,14,NA,72,NA,none
1,288,L,24,6,3,72,14,NA,72,NA,none
1,289,M,1,7,1,73,14,NA,73,NA,none
1,290,M,2,7,2,73,14,NA,73,NA,none
1,291,M,3,7,1,74,14,B_r,NA,NA,none
1,292,M,4,7,2,74,14,B_r,NA,NA,none
1,293,M,5,7,1,75,14,NA,75,NA,none
1,294,M,6,7,2,75,14,NA,75,NA,none
1,295,M,7,7,1,76,14,B_r,NA,NA,none
1,296,M,8,7,2,76,14,B_r,NA,NA,none
1,297,M,9,7,1,77,14,NA,77,NA,none
1,298,M,10,7,2,77,14,NA,77,NA,none
1,299,M,11,7,1,78,14,NA,78,NA,none
1,300,M,12,7,2,78,14,NA,78,NA,none
1,301,M,13,7,1,79,14,B_r,NA,NA,none
1,302,M,14,7,2,79,14,B_r,NA,NA,none
1,303,M,15,7,1,80,14,NA,80,41,none
1,304,M,16,7,2,80,14,NA,80,41,none
1,305,M,17,7,1,81,14,A_r,NA,8,none
1,306,M,18,7,2,81,14,A_r,NA,8,none
1,307,M,19,7,1,82,14,NA,82,NA,none
1,308,M,20,7,2,82,14,NA,82,NA,none
1,309,M,21,7,1,83,14,A_r,NA,NA,none
1,310,M,22,7,2,83,14,A_r,NA,NA,none
1,311,M,23,7,1,84,14,A_r,NA,48,none
1,312,M,24,7,2,84,14,A_r,NA,48,none
1,313,N,1,7,4,73,14,NA,73,NA,none
1,314,N,2,7,3,73,14,NA,73,NA,none
1,315,N,3,7,4,74,14,B_r,NA,NA,none
1,316,N,4,7,3,74,14,B_r,NA,NA,none
1,317,N,5,7,4,75,14,NA,75,NA,none
1,318,N,6,7,3,75,14,NA,75,NA,none
1,319,N,7,7,4,76,14,B_r,NA,NA,none
1,320,N,8,7,3,76,14,B_r,NA,NA,none
1,321,N,9,7,4,77,14,NA,77,NA,none
1,322,N,10,7,3,77,14,NA,77,NA,none
1,323,N,11,7,4,78,14,NA,78,NA,none
1,324,N,12,7,3,78,14,NA,78,NA,none
1,325,N,13,7,4,79,14,B_r,NA,NA,none
1,326,N,14,7,3,79,14,B_r,NA,NA,none
1,327,N,15,7,4,80,14,NA,80,41,none
1,328,N,16,7,3,80,14,NA,80,41,none
1,329,N,17,7,4,81,14,A_r,NA,8,none
1,330,N,18,7,3,81,14,A_r,NA,8,none
1,331,N,19,7,4,82,14,NA,82,NA,none
1,332,N,20,7,3,82,14,NA,82,NA,none
1,333,N,21,7,4,83,14,A_r,NA,NA,none
1,334,N,22,7,3,83,14,A_r,NA,NA,none
1,335,N,23,7,4,84,14,A_r,NA,48,none
1,336,N,24,7,3,84,14,A_r,NA,48,none
1,337,O,1,8,1,85,14,NA,85,87,none
1,338,O,2,8,2,85,14,NA,85,87,none
1,339,O,3,8,1,86,14,B_r,NA,NA,none
1,340,O,4,8,2,86,14,B_r,NA,NA,none
1,341,O,5,8,1,87,14,A_r,NA,NA,none
1,342,O,6,8,2,87,14,A_r,NA,NA,none
1,343,O,7,8,1,88,14,A_r,NA,NA,none
1,344,O,8,8,2,88,14,A_r,NA,NA,none
1,345,O,9,8,1,89,14,A_r,NA,NA,none
1,346,O,10,8,2,89,14,A_r,NA,NA,none
1,347,O,11,8,1,90,14,bl,NA,NA,none
1,348,O,12,8,2,90,14,bl,NA,NA,none
1,349,O,13,8,1,91,14,NA,91,NA,none
1,350,O,14,8,2,91,14,NA,91,NA,none
1,351,O,15,8,1,92,14,A_r,NA,NA,none
1,352,O,16,8,2,92,14,A_r,NA,NA,none
1,353,O,17,8,1,93,14,B_r,NA,48,none
1,354,O,18,8,2,93,14,B_r,NA,48,none
1,355,O,19,8,1,94,14,A_r,NA,77,none
1,356,O,20,8,2,94,14,A_r,NA,77,none
1,357,O,21,8,1,95,14,B_r,NA,32,none
1,358,O,22,8,2,95,14,B_r,NA,32,none
1,359,O,23,8,1,96,14,B_r,NA,NA,none
1,360,O,24,8,2,96,14,B_r,NA,NA,none
1,361,P,1,8,4,85,14,NA,85,87,none
1,362,P,2,8,3,85,14,NA,85,87,none
1,363,P,3,8,4,86,14,B_r,NA,NA,none
1,364,P,4,8,3,86,14,B_r,NA,NA,none
1,365,P,5,8,4,87,14,A_r,NA,NA,none
1,366,P,6,8,3,87,14,A_r,NA,NA,none
1,367,P,7,8,4,88,14,A_r,NA,NA,none
1,368,P,8,8,3,88,14,A_r,NA,NA,none
1,369,P,9,8,4,89,14,A_r,NA,NA,none
1,370,P,10,8,3,89,14,A_r,NA,NA,none
1,371,P,11,8,4,90,14,bl,NA,NA,none
1,372,P,12,8,3,90,14,bl,NA,NA,none
1,373,P,13,8,4,91,14,NA,91,NA,none
1,374,P,14,8,3,91,14,NA,91,NA,none
1,375,P,15,8,4,92,14,A_r,NA,NA,none
1,376,P,16,8,3,92,14,A_r,NA,NA,none
1,377,P,17,8,4,93,14,B_r,NA,48,none
1,378,P,18,8,3,93,14,B_r,NA,48,none
1,379,P,19,8,4,94,14,A_r,NA,77,none
1,380,P,20,8,3,94,14,A_r,NA,77,none
1,381,P,21,8,4,95,14,B_r,NA,32,none
1,382,P,22,8,3,95,14,B_r,NA,32,none
1,383,P,23,8,4,96,14,B_r,NA,NA,none
1,384,P,24,8,3,96,14,B_r,NA,NA,none
2,1,A,1,1,1,1,14,B_r,NA,NA,A
2,2,A,2,1,2,1,14,B_r,NA,NA,A
2,3,A,3,1,1,2,14,A_r,NA,NA,A
2,4,A,4,1,2,2,14,A_r,NA,NA,A
2,5,A,5,1,1,3,14,NA,3,NA,A
2,6,A,6,1,2,3,14,NA,3,NA,A
2,7,A,7,1,1,4,14,B_r,NA,34,A
2,8,A,8,1,2,4,14,B_r,NA,34,A
2,9,A,9,1,1,5,14,NA,5,NA,A
2,10,A,10,1,2,5,14,NA,5,NA,A
2,11,A,11,1,1,6,14,bl,NA,NA,none
2,12,A,12,1,2,6,14,bl,NA,NA,none
2,13,A,13,1,1,7,14,A_r,NA,55,A
2,14,A,14,1,2,7,14,A_r,NA,55,A
2,15,A,15,1,1,8,14,A_r,NA,NA,A
2,16,A,16,1,2,8,14,A_r,NA,NA,A
2,17,A,17,1,1,9,14,B_r,NA,NA,A
2,18,A,18,1,2,9,14,B_r,NA,NA,A
2,19,A,19,1,1,10,14,A_r,NA,9,A
2,20,A,20,1,2,10,14,A_r,NA,9,A
2,21,A,21,1,1,11,14,B_r,NA,83,A
2,22,A,22,1,2,11,14,B_r,NA,83,A
2,23,A,23,1,1,12,14,NA,12,86,A
2,24,A,24,1,2,12,14,NA,12,86,A
2,25,B,1,1,4,1,14,B_r,NA,NA,A
2,26,B,2,1,3,1,14,B_r,NA,NA,A
2,27,B,3,1,4,2,14,A_r,NA,NA,A
2,28,B,4,1,3,2,14,A_r,NA,NA,A
2,29,B,5,1,4,3,14,NA,3,NA,A
2,30,B,6,1,3,3,14,NA,3,NA,A
2,31,B,7,1,4,4,14,B_r,NA,34,A
2,32,B,8,1,3,4,14,B_r,NA,34,A
2,33,B,9,1,4,5,14,NA,5,NA,A
2,34,B,10,1,3,5,14,NA,5,NA,A
2,35,B,11,1,4,6,14,bl,NA,NA,none
2,36,B,12,1,3,6,14,bl,NA,NA,none
2,37,B,13,1,4,7,14,A_r,NA,55,A
2,38,B,14,1,3,7,14,A_r,NA,55,A
2,39,B,15,1,4,8,14,A_r,NA,NA,A
2,40,B,16,1,3,8,14,A_r,NA,NA,A
2,41,B,17,1,4,9,14,B_r,NA,NA,A
2,42,B,18,1,3,9,14,B_r,NA,NA,A
2,43,B,19,1,4,10,14,A_r,NA,9,A
2,44,B,20,1,3,10,14,A_r,NA,9,A
2,45,B,21,1,4,11,14,B_r,NA,83,A
2,46,B,22,1,3,11,14,B_r,NA,83,A
2,47,B,23,1,4,12,14,NA,12,86,A
2,48,B,24,1,3,12,14,NA,12,86,A
2,49,C,1,2,1,13,14,B_r,NA,NA,A
2,50,C,2,2,2,13,14,B_r,NA,NA,A
2,51,C,3,2,1,14,14,A_r,NA,NA,A
2,52,C,4,2,2,14,14,A_r,NA,NA,A
2,53,C,5,2,1,15,14,B_r,NA,NA,A
2,54,C,6,2,2,15,14,B_r,NA,NA,A
2,55,C,7,2,1,16,14,NA,16,NA,A
2,56,C,8,2,2,16,14,NA,16,NA,A
2,57,C,9,2,1,17,14,B_r,NA,19,A
2,58,C,10,2,2,17,14,B_r,NA,19,A
2,59,C,11,2,1,18,14,A_r,NA,NA,A
2,60,C,12,2,2,18,14,A_r,NA,NA,A
2,61,C,13,2,1,19,14,NA,19,NA,A
2,62,C,14,2,2,19,14,NA,19,NA,A
2,63,C,15,2,1,20,14,A_r,NA,NA,A
2,64,C,16,2,2,20,14,A_r,NA,NA,A
2,65,C,17,2,1,21,14,B_r,NA,63,A
2,66,C,18,2,2,21,14,B_r,NA,63,A
2,67,C,19,2,1,22,14,A_r,NA,NA,A
2,68,C,20,2,2,22,14,A_r,NA,NA,A
2,69,C,21,2,1,23,14,A_r,NA,NA,A
2,70,C,22,2,2,23,14,A_r,NA,NA,A
2,71,C,23,2,1,24,14,B_r,NA,61,A
2,72,C,24,2,2,24,14,B_r,NA,61,A
2,73,D,1,2,4,13,14,B_r,NA,NA,A
2,74,D,2,2,3,13,14,B_r,NA,NA,A
2,75,D,3,2,4,14,14,A_r,NA,NA,A
2,76,D,4,2,3,14,14,A_r,NA,NA,A
2,77,D,5,2,4,15,14,B_r,NA,NA,A
2,78,D,6,2,3,15,14,B_r,NA,NA,A
2,79,D,7,2,4,16,14,NA,16,NA,A
2,80,D,8,2,3,16,14,NA,16,NA,A
2,81,D,9,2,4,17,14,B_r,NA,19,A
2,82,D,10,2,3,17,14,B_r,NA,19,A
2,83,D,11,2,4,18,14,A_r,NA,NA,A
2,84,D,12,2,3,18,14,A_r,NA,NA,A
2,85,D,13,2,4,19,14,NA,19,NA,A
2,86,D,14,2,3,19,14,NA,19,NA,A
2,87,D,15,2,4,20,14,A_r,NA,NA,A
2,88,D,16,2,3,20,14,A_r,NA,NA,A
2,89,D,17,2,4,21,14,B_r,NA,63,A
2,90,D,18,2,3,21,14,B_r,NA,63,A
2,91,D,19,2,4,22,14,A_r,NA,NA,A
2,92,D,20,2,3,22,14,A_r,NA,NA,A
2,93,D,21,2,4,23,14,A_r,NA,NA,A
2,94,D,22,2,3,23,14,A_r,NA,NA,A
2,95,D,23,2,4,24,14,B_r,NA,61,A
2,96,D,24,2,3,24,14,B_r,NA,61,A
2,97,E,1,3,1,25,14,NA,25,NA,A
2,98,E,2,3,2,25,14,NA,25,NA,A
2,99,E,3,3,1,26,14,NA,26,86,A
2,100,E,4,3,2,26,14,NA,26,86,A
2,101,E,5,3,1,27,14,B_r,NA,79,A
2,102,E,6,3,2,27,14,B_r,NA,79,A
2,103,E,7,3,1,28,14,A_r,NA,56,A
2,104,E,8,3,2,28,14,A_r,NA,56,A
2,105,E,9,3,1,29,14,A_r,NA,NA,A
2,106,E,10,3,2,29,14,A_r,NA,NA,A
2,107,E,11,3,1,30,14,NA,30,56,A
2,108,E,12,3,2,30,14,NA,30,56,A
2,109,E,13,3,1,31,14,B_r,NA,NA,A
2,110,E,14,3,2,31,14,B_r,NA,NA,A
2,111,E,15,3,1,32,14,NA,32,NA,A
2,112,E,16,3,2,32,14,NA,32,NA,A
2,113,E,17,3,1,33,14,A_r,NA,48,A
2,114,E,18,3,2,33,14,A_r,NA,48,A
2,115,E,19,3,1,34,14,B_r,NA,NA,A
2,116,E,20,3,2,34,14,B_r,NA,NA,A
2,117,E,21,3,1,35,14,B_r,NA,NA,A
2,118,E,22,3,2,35,14,B_r,NA,NA,A
2,119,E,23,3,1,36,14,B_r,NA,NA,A
2,120,E,24,3,2,36,14,B_r,NA,NA,A
2,121,F,1,3,4,25,14,NA,25,NA,A
2,122,F,2,3,3,25,14,NA,25,NA,A
2,123,F,3,3,4,26,14,NA,26,86,A
2,124,F,4,3,3,26,14,NA,26,86,A
2,125,F,5,3,4,27,14,B_r,NA,79,A
2,126,F,6,3,3,27,14,B_r,NA,79,A
2,127,F,7,3,4,28,14,A_r,NA,56,A
2,128,F,8,3,3,28,14,A_r,NA,56,A
2,129,F,9,3,4,29,14,A_r,NA,NA,A
2,130,F,10,3,3,29,14,A_r,NA,NA,A
2,131,F,11,3,4,30,14,NA,30,56,A
2,132,F,12,3,3,30,14,NA,30,56,A
2,133,F,13,3,4,31,14,B_r,NA,NA,A
2,134,F,14,3,3,31,14,B_r,NA,NA,A
2,135,F,15,3,4,32,14,NA,32,NA,A
2,136,F,16,3,3,32,14,NA,32,NA,A
2,137,F,17,3,4,33,14,A_r,NA,48,A
2,138,F,18,3,3,33,14,A_r,NA,48,A
2,139,F,19,3,4,34,14,B_r,NA,NA,A
2,140,F,20,3,3,34,14,B_r,NA,NA,A
2,141,F,21,3,4,35,14,B_r,NA,NA,A
2,142,F,22,3,3,35,14,B_r,NA,NA,A
2,143,F,23,3,4,36,14,B_r,NA,NA,A
2,144,F,24,3,3,36,14,B_r,NA,NA,A
2,145,G,1,4,1,37,14,A_r,NA,NA,A
2,146,G,2,4,2,37,14,A_r,NA,NA,A
2,147,G,3,4,1,38,14,NA,38,50,A
2,148,G,4,4,2,38,14,NA,38,50,A
2,149,G,5,4,1,39,14,A_r,NA,82,A
2,150,G,6,4,2,39,14,A_r,NA,82,A
2,151,G,7,4,1,40,14,NA,40,NA,A
2,152,G,8,4,2,40,14,NA,40,NA,A
2,153,G,9,4,1,41,14,B_r,NA,NA,A
2,154,G,10,4,2,41,14,B_r,NA,NA,A
2,155,G,11,4,1,42,14,A_r,NA,29,A
2,156,G,12,4,2,42,14,A_r,NA,29,A
2,157,G,13,4,1,43,14,A_r,NA,NA,A
2,158,G,14,4,2,43,14,A_r,NA,NA,A
2,159,G,15,4,1,44,14,NA,44,NA,A
2,160,G,16,4,2,44,14,NA,44,NA,A
2,161,G,17,4,1,45,14,NA,45,NA,A
2,162,G,18,4,2,45,14,NA,45,NA,A
2,163,G,19,4,1,46,14,NA,46,3,A
2,164,G,20,4,2,46,14,NA,46,3,A
2,165,G,21,4,1,47,14,B_r,NA,NA,A
2,166,G,22,4,2,47,14,B_r,NA,NA,A
2,167,G,23,4,1,48,14,NA,48,NA,A
2,168,G,24,4,2,48,14,NA,48,NA,A
2,169,H,1,4,4,37,14,A_r,NA,NA,A
2,170,H,2,4,3,37,14,A_r,NA,NA,A
2,171,H,3,4,4,38,14,NA,38,50,A
2,172,H,4,4,3,38,14,NA,38,50,A
2,173,H,5,4,4,39,14,A_r,NA,82,A
2,174,H,6,4,3,39,14,A_r,NA,82,A
2,175,H,7,4,4,40,14,NA,40,NA,A
2,176,H,8,4,3,40,14,NA,40,NA,A
2,177,H,9,4,4,41,14,B_r,NA,NA,A
2,178,H,10,4,3,41,14,B_r,NA,NA,A
2,179,H,11,4,4,42,14,A_r,NA,29,A
2,180,H,12,4,3,42,14,A_r,NA,29,A
2,181,H,13,4,4,43,14,A_r,NA,NA,A
2,182,H,14,4,3,43,14,A_r,NA,NA,A
2,183,H,15,4,4,44,14,NA,44,NA,A
2,184,H,16,4,3,44,14,NA,44,NA,A
2,185,H,17,4,4,45,14,NA,45,NA,A
2,186,H,18,4,3,45,14,NA,45,NA,A
2,187,H,19,4,4,46,14,NA,46,3,A
2,188,H,20,4,3,46,14,NA,46,3,A
2,189,H,21,4,4,47,14,B_r,NA,NA,A
2,190,H,22,4,3,47,14,B_r,NA,NA,A
2,191,H,23,4,4,48,14,NA,48,NA,A
2,192,H,24,4,3,48,14,NA,48,NA,A
2,193,I,1,5,1,49,14,NA,49,64,A
2,194,I,2,5,2,49,14,NA,49,64,A
2,195,I,3,5,1,50,14,NA,50,NA,A
2,196,I,4,5,2,50,14,NA,50,NA,A
2,197,I,5,5,1,51,14,A_r,NA,35,A
2,198,I,6,5,2,51,14,A_r,NA,35,A
2,199,I,7,5,1,52,14,NA,52,NA,A
2,200,I,8,5,2,52,14,NA,52,NA,A
2,201,I,9,5,1,53,14,NA,53,NA,A
2,202,I,10,5,2,53,14,NA,53,NA,A
2,203,I,11,5,1,54,14,A_r,NA,NA,A
2,204,I,12,5,2,54,14,A_r,NA,NA,A
2,205,I,13,5,1,55,14,NA,55,NA,A
2,206,I,14,5,2,55,14,NA,55,NA,A
2,207,I,15,5,1,56,14,A_r,NA,NA,A
2,208,I,16,5,2,56,14,A_r,NA,NA,A
2,209,I,17,5,1,57,14,A_r,NA,NA,A
2,210,I,18,5,2,57,14,A_r,NA,NA,A
2,211,I,19,5,1,58,14,A_r,NA,NA,A
2,212,I,20,5,2,58,14,A_r,NA,NA,A
2,213,I,21,5,1,59,14,B_r,NA,14,A
2,214,I,22,5,2,59,14,B_r,NA,14,A
2,215,I,23,5,1,60,14,NA,60,NA,A
2,216,I,24,5,2,60,14,NA,60,NA,A
2,217,J,1,5,4,49,14,NA,49,64,A
2,218,J,2,5,3,49,14,NA,49,64,A
2,219,J,3,5,4,50,14,NA,50,NA,A
2,220,J,4,5,3,50,14,NA,50,NA,A
2,221,J,5,5,4,51,14,A_r,NA,35,A
2,222,J,6,5,3,51,14,A_r,NA,35,A
2,223,J,7,5,4,52,14,NA,52,NA,A
2,224,J,8,5,3,52,14,NA,52,NA,A
2,225,J,9,5,4,53,14,NA,53,NA,A
2,226,J,10,5,3,53,14,NA,53,NA,A
2,227,J,11,5,4,54,14,A_r,NA,NA,A
2,228,J,12,5,3,54,14,A_r,NA,NA,A
2,229,J,13,5,4,55,14,NA,55,NA,A
2,230,J,14,5,3,55,14,NA,55,NA,A
2,231,J,15,5,4,56,14,A_r,NA,NA,A
2,232,J,16,5,3,56,14,A_r,NA,NA,A
2,233,J,17,5,4,57,14,A_r,NA,NA,A
2,234,J,18,5,3,57,14,A_r,NA,NA,A
2,235,J,19,5,4,58,14,A_r,NA,NA,A
2,236,J,20,5,3,58,14,A_r,NA,NA,A
2,237,J,21,5,4,59,14,B_r,NA,14,A
2,238,J,22,5,3,59,14,B_r,NA,14,A
2,239,J,23,5,4,60,14,NA,60,NA,A
2,240,J,24,5,3,60,14,NA,60,NA,A
2,241,K,1,6,1,61,14,A_r,NA,NA,A
2,242,K,2,6,2,61,14,A_r,NA,NA,A
2,243,K,3,6,1,62,14,NA,62,NA,A
2,244,K,4,6,2,62,14,NA,62,NA,A
2,245,K,5,6,1,63,14,B_r,NA,NA,A
2,246,K,6,6,2,63,14,B_r,NA,NA,A
2,247,K,7,6,1,64,14,NA,64,NA,A
2,248,K,8,6,2,64,14,NA,64,NA,A
2,249,K,9,6,1,65,14,NA,65,36,A
2,250,K,10,6,2,65,14,NA,65,36,A
2,251,K,11,6,1,66,14,NA,66,29,A
2,252,K,12,6,2,66,14,NA,66,29,A
2,253,K,13,6,1,67,14,NA,67,NA,A
2,254,K,14,6,2,67,14,NA,67,NA,A
2,255,K,15,6,1,68,14,NA,68,NA,A
2,256,K,16,6,2,68,14,NA,68,NA,A
2,257,K,17,6,1,69,14,NA,69,NA,A
2,258,K,18,6,2,69,14,NA,69,NA,A
2,259,K,19,6,1,70,14,B_r,NA,22,A
2,260,K,20,6,2,70,14,B_r,NA,22,A
2,261,K,21,6,1,71,14,A_r,NA,NA,A
2,262,K,22,6,2,71,14,A_r,NA,NA,A
2,263,K,23,6,1,72,14,NA,72,NA,A
2,264,K,24,6,2,72,14,NA,72,NA,A
2,265,L,1,6,4,61,14,A_r,NA,NA,A
2,266,L,2,6,3,61,14,A_r,NA,NA,A
2,267,L,3,6,4,62,14,NA,62,NA,A
2,268,L,4,6,3,62,14,NA,62,NA,A
2,269,L,5,6,4,63,14,B_r,NA,NA,A
2,270,L,6,6,3,63,14,B_r,NA,NA,A
2,271,L,7,6,4,64,14,NA,64,NA,A
2,272,L,8,6,3,64,14,NA,64,NA,A
2,273,L,9,6,4,65,14,NA,65,36,A
2,274,L,10,6,3,65,14,NA,65,36,A
2,275,L,11,6,4,66,14,NA,66,29,A
2,276,L,12,6,3,66,14,NA,66,29,A
2,277,L,13,6,4,67,14,NA,67,NA,A
2,278,L,14,6,3,67,14,NA,67,NA,A
2,279,L,15,6,4,68,14,NA,68,NA,A
2,280,L,16,6,3,68,14,NA,68,NA,A
2,281,L,17,6,4,69,14,NA,69,NA,A
2,282,L,18,6,3,69,14,NA,69,NA,A
2,283,L,19,6,4,70,14,B_r,NA,22,A
2,284,L,20,6,3,70,14,B_r,NA,22,A
2,285,L,21,6,4,71,14,A_r,NA,NA,A
2,286,L,22,6,3,71,14,A_r,NA,NA,A
2,287,L,23,6,4,72,14,NA,72,NA,A
2,288,L,24,6,3,72,14,NA,72,NA,A
2,289,M,1,7,1,73,14,NA,73,NA,A
2,290,M,2,7,2,73,14,NA,73,NA,A
2,291,M,3,7,1,74,14,B_r,NA,NA,A
2,292,M,4,7,2,74,14,B_r,NA,NA,A
2,293,M,5,7,1,75,14,NA,75,NA,A
2,294,M,6,7,2,75,14,NA,75,NA,A
2,295,M,7,7,1,76,14,B_r,NA,NA,A
2,296,M,8,7,2,76,14,B_r,NA,NA,A
2,297,M,9,7,1,77,14,NA,77,NA,A
2,298,M,10,7,2,77,14,NA,77,NA,A
2,299,M,11,7,1,78,14,NA,78,NA,A
2,300,M,12,7,2,78,14,NA,78,NA,A
2,301,M,13,7,1,79,14,B_r,NA,NA,A
2,302,M,14,7,2,79,14,B_r,NA,NA,A
2,303,M,15,7,1,80,14,NA,80,41,A
2,304,M,16,7,2,80,14,NA,80,41,A
2,305,M,17,7,1,81,14,A_r,NA,8,A
2,306,M,18,7,2,81,14,A_r,NA,8,A
2,307,M,19,7,1,82,14,NA,82,NA,A
2,308,M,20,7,2,82,14,NA,82,NA,A
2,309,M,21,7,1,83,14,A_r,NA,NA,A
2,310,M,22,7,2,83,14,A_r,NA,NA,A
2,311,M,23,7,1,84,14,A_r,NA,48,A
2,312,M,24,7,2,84,14,A_r,NA,48,A
2,313,N,1,7,4,73,14,NA,73,NA,A
2,314,N,2,7,3,73,14,NA,73,NA,A
2,315,N,3,7,4,74,14,B_r,NA,NA,A
2,316,N,4,7,3,74,14,B_r,NA,NA,A
2,317,N,5,7,4,75,14,NA,75,NA,A
2,318,N,6,7,3,75,14,NA,75,NA,A
2,319,N,7,7,4,76,14,B_r,NA,NA,A
2,320,N,8,7,3,76,14,B_r,NA,NA,A
2,321,N,9,7,4,77,14,NA,77,NA,A
2,322,N,10,7,3,77,14,NA,77,NA,A
2,323,N,11,7,4,78,14,NA,78,NA,A
2,324,N,12,7,3,78,14,NA,78,NA,A
2,325,N,13,7,4,79,14,B_r,NA,NA,A
2,326,N,14,7,3,79,14,B_r,NA,NA,A
2,327,N,15,7,4,80,14,NA,80,41,A
2,328,N,16,7,3,80,14,NA,80,41,A
2,329,N,17,7,4,81,14,A_r,NA,8,A
2,330,N,18,7,3,81,14,A_r,NA,8,A
2,331,N,19,7,4,82,14,NA,82,NA,A
2,332,N,20,7,3,82,14,NA,82,NA,A
2,333,N,21,7,4,83,14,A_r,NA,NA,A
2,334,N,22,7,3,83,14,A_r,NA,NA,A
2,335,N,23,7,4,84,14,A_r,NA,48,A
2,336,N,24,7,3,84,14,A_r,NA,48,A
2,337,O,1,8,1,85,14,NA,85,87,A
2,338,O,2,8,2,85,14,NA,85,87,A
2,339,O,3,8,1,86,14,B_r,NA,NA,A
2,340,O,4,8,2,86,14,B_r,NA,NA,A
2,341,O,5,8,1,87,14,A_r,NA,NA,A
2,342,O,6,8,2,87,14,A_r,NA,NA,A
2,343,O,7,8,1,88,14,A_r,NA,NA,A
2,344,O,8,8,2,88,14,A_r,NA,NA,A
2,345,O,9,8,1,89,14,A_r,NA,NA,A
2,346,O,10,8,2,89,14,A_r,NA,NA,A
2,347,O,11,8,1,90,14,bl,NA,NA,none
2,348,O,12,8,2,90,14,bl,NA,NA,none
2,349,O,13,8,1,91,14,NA,91,NA,A
2,350,O,14,8,2,91,14,NA,91,NA,A
2,351,O,15,8,1,92,14,A_r,NA,NA,A
2,352,O,16,8,2,92,14,A_r,NA,NA,A
2,353,O,17,8,1,93,14,B_r,NA,48,A
2,354,O,18,8,2,93,14,B_r,NA,48,A
2,355,O,19,8,1,94,14,A_r,NA,77,A
2,356,O,20,8,2,94,14,A_r,NA,77,A
2,357,O,21,8,1,95,14,B_r,NA,32,A
2,358,O,22,8,2,95,14,B_r,NA,32,A
2,359,O,23,8,1,96,14,B_r,NA,NA,A
2,360,O,24,8,2,96,14,B_r,NA,NA,A
2,361,P,1,8,4,85,14,NA,85,87,A
2,362,P,2,8,3,85,14,NA,85,87,A
2,363,P,3,8,4,86,14,B_r,NA,NA,A
2,364,P,4,8,3,86,14,B_r,NA,NA,A
2,365,P,5,8,4,87,14,A_r,NA,NA,A
2,366,P,6,8,3,87,14,A_r,NA,NA,A
2,367,P,7,8,4,88,14,A_r,NA,NA,A
2,368,P,8,8,3,88,14,A_r,NA,NA,A
2,369,P,9,8,4,89,14,A_r,NA,NA,A
2,370,P,10,8,3,89,14,A_r,NA,NA,A
2,371,P,11,8,4,90,14,bl,NA,NA,none
2,372,P,12,8,3,90,14,bl,NA,NA,none
2,373,P,13,8,4,91,14,NA,91,NA,A
2,374,P,14,8,3,91,14,NA,91,NA,A
2,375,P,15,8,4,92,14,A_r,NA,NA,A
2,376,P,16,8,3,92,14,A_r,NA,NA,A
2,377,P,17,8,4,93,14,B_r,NA,48,A
2,378,P,18,8,3,93,14,B_r,NA,48,A
2,379,P,19,8,4,94,14,A_r,NA,77,A
2,380,P,20,8,3,94,14,A_r,NA,77,A
2,381,P,21,8,4,95,14,B_r,NA,32,A
2,382,P,22,8,3,95,14,B_r,NA,32,A
2,383,P,23,8,4,96,14,B_r,NA,NA,A
2,384,P,24,8,3,96,14,B_r,NA,NA,A
3,1,A,1,1,1,1,14,B_r,NA,NA,B
3,2,A,2,1,2,1,14,B_r,NA,NA,B
3,3,A,3,1,1,2,14,A_r,NA,NA,B
3,4,A,4,1,2,2,14,A_r,NA,NA,B
3,5,A,5,1,1,3,14,NA,3,NA,B
3,6,A,6,1,2,3,14,NA,3,NA,B
3,7,A,7,1,1,4,14,B_r,NA,34,B
3,8,A,8,1,2,4,14,B_r,NA,34,B
3,9,A,9,1,1,5,14,NA,5,NA,B
3,10,A,10,1,2,5,14,NA,5,NA,B
3,11,A,11,1,1,6,14,bl,NA,NA,none
3,12,A,12,1,2,6,14,bl,NA,NA,none
3,13,A,13,1,1,7,14,A_r,NA,55,B
3,14,A,14,1,2,7,14,A_r,NA,55,B
3,15,A,15,1,1,8,14,A_r,NA,NA,B
3,16,A,16,1,2,8,14,A_r,NA,NA,B
3,17,A,17,1,1,9,14,B_r,NA,NA,B
3,18,A,18,1,2,9,14,B_r,NA,NA,B
3,19,A,19,1,1,10,14,A_r,NA,9,B
3,20,A,20,1,2,10,14,A_r,NA,9,B
3,21,A,21,1,1,11,14,B_r,NA,83,B
3,22,A,22,1,2,11,14,B_r,NA,83,B
3,23,A,23,1,1,12,14,NA,12,86,B
3,24,A,24,1,2,12,14,NA,12,86,B
3,25,B,1,1,4,1,14,B_r,NA,NA,B
3,26,B,2,1,3,1,14,B_r,NA,NA,B
3,27,B,3,1,4,2,14,A_r,NA,NA,B
3,28,B,4,1,3,2,14,A_r,NA,NA,B
3,29,B,5,1,4,3,14,NA,3,NA,B
3,30,B,6,1,3,3,14,NA,3,NA,B
3,31,B,7,1,4,4,14,B_r,NA,34,B
3,32,B,8,1,3,4,14,B_r,NA,34,B
3,33,B,9,1,4,5,14,NA,5,NA,B
3,34,B,10,1,3,5,14,NA,5,NA,B
3,35,B,11,1,4,6,14,bl,NA,NA,none
3,36,B,12,1,3,6,14,bl,NA,NA,none
3,37,B,13,1,4,7,14,A_r,NA,55,B
3,38,B,14,1,3,7,14,A_r,NA,55,B
3,39,B,15,1,4,8,14,A_r,NA,NA,B
3,40,B,16,1,3,8,14,A_r,NA,NA,B
3,41,B,17,1,4,9,14,B_r,NA,NA,B
3,42,B,18,1,3,9,14,B_r,NA,NA,B
3,43,B,19,1,4,10,14,A_r,NA,9,B
3,44,B,20,1,3,10,14,A_r,NA,9,B
3,45,B,21,1,4,11,14,B_r,NA,83,B
3,46,B,22,1,3,11,14,B_r,NA,83,B
3,47,B,23,1,4,12,14,NA,12,86,B
3,48,B,24,1,3,12,14,NA,12,86,B
3,49,C,1,2,1,13,14,B_r,NA,NA,B
3,50,C,2,2,2,13,14,B_r,NA,NA,B
3,51,C,3,2,1,14,14,A_r,NA,NA,B
3,52,C,4,2,2,14,14,A_r,NA,NA,B
3,53,C,5,2,1,15,14,B_r,NA,NA,B
3,54,C,6,2,2,15,14,B_r,NA,NA,B
3,55,C,7,2,1,16,14,NA,16,NA,B
3,56,C,8,2,2,16,14,NA,16,NA,B
3,57,C,9,2,1,17,14,B_r,NA,19,B
3,58,C,10,2,2,17,14,B_r,NA,19,B
3,59,C,11,2,1,18,14,A_r,NA,NA,B
3,60,C,12,2,2,18,14,A_r,NA,NA,B
3,61,C,13,2,1,19,14,NA,19,NA,B
3,62,C,14,2,2,19,14,NA,19,NA,B
3,63,C,15,2,1,20,14,A_r,NA,NA,B
3,64,C,16,2,2,20,14,A_r,NA,NA,B
3,65,C,17,2,1,21,14,B_r,NA,63,B
3,66,C,18,2,2,21,14,B_r,NA,63,B
3,67,C,19,2,1,22,14,A_r,NA,NA,B
3,68,C,20,2,2,22,14,A_r,NA,NA,B
3,69,C,21,2,1,23,14,A_r,NA,NA,B
3,70,C,22,2,2,23,14,A_r,NA,NA,B
3,71,C,23,2,1,24,14,B_r,NA,61,B
3,72,C,24,2,2,24,14,B_r,NA,61,B
3,73,D,1,2,4,13,14,B_r,NA,NA,B
3,74,D,2,2,3,13,14,B_r,NA,NA,B
3,75,D,3,2,4,14,14,A_r,NA,NA,B
3,76,D,4,2,3,14,14,A_r,NA,NA,B
3,77,D,5,2,4,15,14,B_r,NA,NA,B
3,78,D,6,2,3,15,14,B_r,NA,NA,B
3,79,D,7,2,4,16,14,NA,16,NA,B
3,80,D,8,2,3,16,14,NA,16,NA,B
3,81,D,9,2,4,17,14,B_r,NA,19,B
3,82,D,10,2,3,17,14,B_r,NA,19,B
3,83,D,11,2,4,18,14,A_r,NA,NA,B
3,84,D,12,2,3,18,14,A_r,NA,NA,B
3,85,D,13,2,4,19,14,NA,19,NA,B
3,86,D,14,2,3,19,14,NA,19,NA,B
3,87,D,15,2,4,20,14,A_r,NA,NA,B
3,88,D,16,2,3,20,14,A_r,NA,NA,B
3,89,D,17,2,4,21,14,B_r,NA,63,B
3,90,D,18,2,3,21,14,B_r,NA,63,B
3,91,D,19,2,4,22,14,A_r,NA,NA,B
3,92,D,20,2,3,22,14,A_r,NA,NA,B
3,93,D,21,2,4,23,14,A_r,NA,NA,B
3,94,D,22,2,3,23,14,A_r,NA,NA,B
3,95,D,23,2,4,24,14,B_r,NA,61,B
3,96,D,24,2,3,24,14,B_r,NA,61,B
3,97,E,1,3,1,25,14,NA,25,NA,B
3,98,E,2,3,2,25,14,NA,25,NA,B
3,99,E,3,3,1,26,14,NA,26,86,B
3,100,E,4,3,2,26,14,NA,26,86,B
3,101,E,5,3,1,27,14,B_r,NA,79,B
3,102,E,6,3,2,27,14,B_r,NA,79,B
3,103,E,7,3,1,28,14,A_r,NA,56,B
3,104,E,8,3,2,28,14,A_r,NA,56,B
3,105,E,9,3,1,29,14,A_r,NA,NA,B
3,106,E,10,3,2,29,14,A_r,NA,NA,B
3,107,E,11,3,1,30,14,NA,30,56,B
3,108,E,12,3,2,30,14,NA,30,56,B
3,109,E,13,3,1,31,14,B_r,NA,NA,B
3,110,E,14,3,2,31,14,B_r,NA,NA,B
3,111,E,15,3,1,32,14,NA,32,NA,B
3,112,E,16,3,2,32,14,NA,32,NA,B
3,113,E,17,3,1,33,14,A_r,NA,48,B
3,114,E,18,3,2,33,14,A_r,NA,48,B
3,115,E,19,3,1,34,14,B_r,NA,NA,B
3,116,E,20,3,2,34,14,B_r,NA,NA,B
3,117,E,21,3,1,35,14,B_r,NA,NA,B
3,118,E,22,3,2,35,14,B_r,NA,NA,B
3,119,E,23,3,1,36,14,B_r,NA,NA,B
3,120,E,24,3,2,36,14,B_r,NA,NA,B
3,121,F,1,3,4,25,14,NA,25,NA,B
3,122,F,2,3,3,25,14,NA,25,NA,B
3,123,F,3,3,4,26,14,NA,26,86,B
3,124,F,4,3,3,26,14,NA,26,86,B
3,125,F,5,3,4,27,14,B_r,NA,79,B
3,126,F,6,3,3,27,14,B_r,NA,79,B
3,127,F,7,3,4,28,14,A_r,NA,56,B
3,128,F,8,3,3,28,14,A_r,NA,56,B
3,129,F,9,3,4,29,14,A_r,NA,NA,B
3,130,F,10,3,3,29,14,A_r,NA,NA,B
3,131,F,11,3,4,30,14,NA,30,56,B
3,132,F,12,3,3,30,14,NA,30,56,B
3,133,F,13,3,4,31,14,B_r,NA,NA,B
3,134,F,14,3,3,31,14,B_r,NA,NA,B
3,135,F,15,3,4,32,14,NA,32,NA,B
3,136,F,16,3,3,32,14,NA,32,NA,B
3,137,F,17,3,4,33,14,A_r,NA,48,B
3,138,F,18,3,3,33,14,A_r,NA,48,B
3,139,F,19,3,4,34,14,B_r,NA,NA,B
3,140,F,20,3,3,34,14,B_r,NA,NA,B
3,141,F,21,3,4,35,14,B_r,NA,NA,B
3,142,F,22,3,3,35,14,B_r,NA,NA,B
3,143,F,23,3,4,36,14,B_r,NA,NA,B
3,144,F,24,3,3,36,14,B_r,NA,NA,B
3,145,G,1,4,1,37,14,A_r,NA,NA,B
3,146,G,2,4,2,37,14,A_r,NA,NA,B
3,147,G,3,4,1,38,14,NA,38,50,B
3,148,G,4,4,2,38,14,NA,38,50,B
3,149,G,5,4,1,39,14,A_r,NA,82,B
3,150,G,6,4,2,39,14,A_r,NA,82,B
3,151,G,7,4,1,40,14,NA,40,NA,B
3,152,G,8,4,2,40,14,NA,40,NA,B
3,153,G,9,4,1,41,14,B_r,NA,NA,B
3,154,G,10,4,2,41,14,B_r,NA,NA,B
3,155,G,11,4,1,42,14,A_r,NA,29,B
3,156,G,12,4,2,42,14,A_r,NA,29,B
3,157,G,13,4,1,43,14,A_r,NA,NA,B
3,158,G,14,4,2,43,14,A_r,NA,NA,B
3,159,G,15,4,1,44,14,NA,44,NA,B
3,160,G,16,4,2,44,14,NA,44,NA,B
3,161,G,17,4,1,45,14,NA,45,NA,B
3,162,G,18,4,2,45,14,NA,45,NA,B
3,163,G,19,4,1,46,14,NA,46,3,B
3,164,G,20,4,2,46,14,NA,46,3,B
3,165,G,21,4,1,47,14,B_r,NA,NA,B
3,166,G,22,4,2,47,14,B_r,NA,NA,B
3,167,G,23,4,1,48,14,NA,48,NA,B
3,168,G,24,4,2,48,14,NA,48,NA,B
3,169,H,1,4,4,37,14,A_r,NA,NA,B
3,170,H,2,4,3,37,14,A_r,NA,NA,B
3,171,H,3,4,4,38,14,NA,38,50,B
3,172,H,4,4,3,38,14,NA,38,50,B
3,173,H,5,4,4,39,14,A_r,NA,82,B
3,174,H,6,4,3,39,14,A_r,NA,82,B
3,175,H,7,4,4,40,14,NA,40,NA,B
3,176,H,8,4,3,40,14,NA,40,NA,B
3,177,H,9,4,4,41,14,B_r,NA,NA,B
3,178,H,10,4,3,41,14,B_r,NA,NA,B
3,179,H,11,4,4,42,14,A_r,NA,29,B
3,180,H,12,4,3,42,14,A_r,NA,29,B
3,181,H,13,4,4,43,14,A_r,NA,NA,B
3,182,H,14,4,3,43,14,A_r,NA,NA,B
3,183,H,15,4,4,44,14,NA,44,NA,B
3,184,H,16,4,3,44,14,NA,44,NA,B
3,185,H,17,4,4,45,14,NA,45,NA,B
3,186,H,18,4,3,45,14,NA,45,NA,B
3,187,H,19,4,4,46,14,NA,46,3,B
3,188,H,20,4,3,46,14,NA,46,3,B
3,189,H,21,4,4,47,14,B_r,NA,NA,B
3,190,H,22,4,3,47,14,B_r,NA,NA,B
3,191,H,23,4,4,48,14,NA,48,NA,B
3,192,H,24,4,3,48,14,NA,48,NA,B
3,193,I,1,5,1,49,14,NA,49,64,B
3,194,I,2,5,2,49,14,NA,49,64,B
3,195,I,3,5,1,50,14,NA,50,NA,B
3,196,I,4,5,2,50,14,NA,50,NA,B
3,197,I,5,5,1,51,14,A_r,NA,35,B
3,198,I,6,5,2,51,14,A_r,NA,35,B
3,199,I,7,5,1,52,14,NA,52,NA,B
3,200,I,8,5,2,52,14,NA,52,NA,B
3,201,I,9,5,1,53,14,NA,53,NA,B
3,202,I,10,5,2,53,14,NA,53,NA,B
3,203,I,11,5,1,54,14,A_r,NA,NA,B
3,204,I,12,5,2,54,14,A_r,NA,NA,B
3,205,I,13,5,1,55,14,NA,55,NA,B
3,206,I,14,5,2,55,14,NA,55,NA,B
3,207,I,15,5,1,56,14,A_r,NA,NA,B
3,208,I,16,5,2,56,14,A_r,NA,NA,B
3,209,I,17,5,1,57,14,A_r,NA,NA,B
3,210,I,18,5,2,57,14,A_r,NA,NA,B
3,211,I,19,5,1,58,14,A_r,NA,NA,B
3,212,I,20,5,2,58,14,A_r,NA,NA,B
3,213,I,21,5,1,59,14,B_r,NA,14,B
3,214,I,22,5,2,59,14,B_r,NA,14,B
3,215,I,23,5,1,60,14,NA,60,NA,B
3,216,I,24,5,2,60,14,NA,60,NA,B
3,217,J,1,5,4,49,14,NA,49,64,B
3,218,J,2,5,3,49,14,NA,49,64,B
3,219,J,3,5,4,50,14,NA,50,NA,B
3,220,J,4,5,3,50,14,NA,50,NA,B
3,221,J,5,5,4,51,14,A_r,NA,35,B
3,222,J,6,5,3,51,14,A_r,NA,35,B
3,223,J,7,5,4,52,14,NA,52,NA,B
3,224,J,8,5,3,52,14,NA,52,NA,B
3,225,J,9,5,4,53,14,NA,53,NA,B
3,226,J,10,5,3,53,14,NA,53,NA,B
3,227,J,11,5,4,54,14,A_r,NA,NA,B
3,228,J,12,5,3,54,14,A_r,NA,NA,B
3,229,J,13,5,4,55,14,NA,55,NA,B
3,230,J,14,5,3,55,14,NA,55,NA,B
3,231,J,15,5,4,56,14,A_r,NA,NA,B
3,232,J,16,5,3,56,14,A_r,NA,NA,B
3,233,J,17,5,4,57,14,A_r,NA,NA,B
3,234,J,18,5,3,57,14,A_r,NA,NA,B
3,235,J,19,5,4,58,14,A_r,NA,NA,B
3,236,J,20,5,3,58,14,A_r,NA,NA,B
3,237,J,21,5,4,59,14,B_r,NA,14,B
3,238,J,22,5,3,59,14,B_r,NA,14,B
3,239,J,23,5,4,60,14,NA,60,NA,B
3,240,J,24,5,3,60,14,NA,60,NA,B
3,241,K,1,6,1,61,14,A_r,NA,NA,B
3,242,K,2,6,2,61,14,A_r,NA,NA,B
3,243,K,3,6,1,62,14,NA,62,NA,B
3,244,K,4,6,2,62,14,NA,62,NA,B
3,245,K,5,6,1,63,14,B_r,NA,NA,B
3,246,K,6,6,2,63,14,B_r,NA,NA,B
3,247,K,7,6,1,64,14,NA,64,NA,B
3,248,K,8,6,2,64,14,NA,64,NA,B
3,249,K,9,6,1,65,14,NA,65,36,B
3,250,K,10,6,2,65,14,NA,65,36,B
3,251,K,11,6,1,66,14,NA,66,29,B
3,252,K,12,6,2,66,14,NA,66,29,B
3,253,K,13,6,1,67,14,NA,67,NA,B
3,254,K,14,6,2,67,14,NA,67,NA,B
3,255,K,15,6,1,68,14,NA,68,NA,B
3,256,K,16,6,2,68,14,NA,68,NA,B
3,257,K,17,6,1,69,14,NA,69,NA,B
3,258,K,18,6,2,69,14,NA,69,NA,B
3,259,K,19,6,1,70,14,B_r,NA,22,B
3,260,K,20,6,2,70,14,B_r,NA,22,B
3,261,K,21,6,1,71,14,A_r,NA,NA,B
3,262,K,22,6,2,71,14,A_r,NA,NA,B
3,263,K,23,6,1,72,14,NA,72,NA,B
3,264,K,24,6,2,72,14,NA,72,NA,B
3,265,L,1,6,4,61,14,A_r,NA,NA,B
3,266,L,2,6,3,61,14,A_r,NA,NA,B
3,267,L,3,6,4,62,14,NA,62,NA,B
3,268,L,4,6,3,62,14,NA,62,NA,B
3,269,L,5,6,4,63,14,B_r,NA,NA,B
3,270,L,6,6,3,63,14,B_r,NA,NA,B
3,271,L,7,6,4,64,14,NA,64,NA,B
3,272,L,8,6,3,64,14,NA,64,NA,B
3,273,L,9,6,4,65,14,NA,65,36,B
3,274,L,10,6,3,65,14,NA,65,36,B
3,275,L,11,6,4,66,14,NA,66,29,B
3,276,L,12,6,3,66,14,NA,66,29,B
3,277,L,13,6,4,67,14,NA,67,NA,B
3,278,L,14,6,3,67,14,NA,67,NA,B
3,279,L,15,6,4,68,14,NA,68,NA,B
3,280,L,16,6,3,68,14,NA,68,NA,B
3,281,L,17,6,4,69,14,NA,69,NA,B
3,282,L,18,6,3,69,14,NA,69,NA,B
3,283,L,19,6,4,70,14,B_r,NA,22,B
3,284,L,20,6,3,70,14,B_r,NA,22,B
3,285,L,21,6,4,71,14,A_r,NA,NA,B
3,286,L,22,6,3,71,14,A_r,NA,NA,B
3,287,L,23,6,4,72,14,NA,72,NA,B
3,288,L,24,6,3,72,14,NA,72,NA,B
3,289,M,1,7,1,73,14,NA,73,NA,B
3,290,M,2,7,2,73,14,NA,73,NA,B
3,291,M,3,7,1,74,14,B_r,NA,NA,B
3,292,M,4,7,2,74,14,B_r,NA,NA,B
3,293,M,5,7,1,75,14,NA,75,NA,B
3,294,M,6,7,2,75,14,NA,75,NA,B
3,295,M,7,7,1,76,14,B_r,NA,NA,B
3,296,M,8,7,2,76,14,B_r,NA,NA,B
3,297,M,9,7,1,77,14,NA,77,NA,B
3,298,M,10,7,2,77,14,NA,77,NA,B
3,299,M,11,7,1,78,14,NA,78,NA,B
3,300,M,12,7,2,78,14,NA,78,NA,B
3,301,M,13,7,1,79,14,B_r,NA,NA,B
3,302,M,14,7,2,79,14,B_r,NA,NA,B
3,303,M,15,7,1,80,14,NA,80,41,B
3,304,M,16,7,2,80,14,NA,80,41,B
3,305,M,17,7,1,81,14,A_r,NA,8,B
3,306,M,18,7,2,81,14,A_r,NA,8,B
3,307,M,19,7,1,82,14,NA,82,NA,B
3,308,M,20,7,2,82,14,NA,82,NA,B
3,309,M,21,7,1,83,14,A_r,NA,NA,B
3,310,M,22,7,2,83,14,A_r,NA,NA,B
3,311,M,23,7,1,84,14,A_r,NA,48,B
3,312,M,24,7,2,84,14,A_r,NA,48,B
3,313,N,1,7,4,73,14,NA,73,NA,B
3,314,N,2,7,3,73,14,NA,73,NA,B
3,315,N,3,7,4,74,14,B_r,NA,NA,B
3,316,N,4,7,3,74,14,B_r,NA,NA,B
3,317,N,5,7,4,75,14,NA,75,NA,B
3,318,N,6,7,3,75,14,NA,75,NA,B
3,319,N,7,7,4,76,14,B_r,NA,NA,B
3,320,N,8,7,3,76,14,B_r,NA,NA,B
3,321,N,9,7,4,77,14,NA,77,NA,B
3,322,N,10,7,3,77,14,NA,77,NA,B
3,323,N,11,7,4,78,14,NA,78,NA,B
3,324,N,12,7,3,78,14,NA,78,NA,B
3,325,N,13,7,4,79,14,B_r,NA,NA,B
3,326,N,14,7,3,79,14,B_r,NA,NA,B
3,327,N,15,7,4,80,14,NA,80,41,B
3,328,N,16,7,3,80,14,NA,80,41,B
3,329,N,17,7,4,81,14,A_r,NA,8,B
3,330,N,18,7,3,81,14,A_r,NA,8,B
3,331,N,19,7,4,82,14,NA,82,NA,B
3,332,N,20,7,3,82,14,NA,82,NA,B
3,333,N,21,7,4,83,14,A_r,NA,NA,B
3,334,N,22,7,3,83,14,A_r,NA,NA,B
3,335,N,23,7,4,84,14,A_r,NA,48,B
3,336,N,24,7,3,84,14,A_r,NA,48,B
3,337,O,1,8,1,85,14,NA,85,87,B
3,338,O,2,8,2,85,14,NA,85,87,B
3,339,O,3,8,1,86,14,B_r,NA,NA,B
3,340,O,4,8,2,86,14,B_r,NA,NA,B
3,341,O,5,8,1,87,14,A_r,NA,NA,B
3,342,O,6,8,2,87,14,A_r,NA,NA,B
3,343,O,7,8,1,88,14,A_r,NA,NA,B
3,344,O,8,8,2,88,14,A_r,NA,NA,B
3,345,O,9,8,1,89,14,A_r,NA,NA,B
3,346,O,10,8,2,89,14,A_r,NA,NA,B
3,347,O,11,8,1,90,14,bl,NA,NA,none
3,348,O,12,8,2,90,14,bl,NA,NA,none
3,349,O,13,8,1,91,14,NA,91,NA,B
3,350,O,14,8,2,91,14,NA,91,NA,B
3,351,O,15,8,1,92,14,A_r,NA,NA,B
3,352,O,16,8,2,92,14,A_r,NA,NA,B
3,353,O,17,8,1,93,14,B_r,NA,48,B
3,354,O,18,8,2,93,14,B_r,NA,48,B
3,355,O,19,8,1,94,14,A_r,NA,77,B
3,356,O,20,8,2,94,14,A_r,NA,77,B
3,357,O,21,8,1,95,14,B_r,NA,32,B
3,358,O,22,8,2,95,14,B_r,NA,32,B
3,359,O,23,8,1,96,14,B_r,NA,NA,B
3,360,O,24,8,2,96,14,B_r,NA,NA,B
3,361,P,1,8,4,85,14,NA,85,87,B
3,362,P,2,8,3,85,14,NA,85,87,B
3,363,P,3,8,4,86,14,B_r,NA,NA,B
3,364,P,4,8,3,86,14,B_r,NA,NA,B
3,365,P,5,8,4,87,14,A_r,NA,NA,B
3,366,P,6,8,3,87,14,A_r,NA,NA,B
3,367,P,7,8,4,88,14,A_r,NA,NA,B
3,368,P,8,8,3,88,14,A_r,NA,NA,B
3,369,P,9,8,4,89,14,A_r,NA,NA,B
3,370,P,10,8,3,89,14,A_r,NA,NA,B
3,371,P,11,8,4,90,14,bl,NA,NA,none
3,372,P,12,8,3,90,14,bl,NA,NA,none
3,373,P,13,8,4,91,14,NA,91,NA,B
3,374,P,14,8,3,91,14,NA,91,NA,B
3,375,P,15,8,4,92,14,A_r,NA,NA,B
3,376,P,16,8,3,92,14,A_r,NA,NA,B
3,377,P,17,8,4,93,14,B_r,NA,48,B
3,378,P,18,8,3,93,14,B_r,NA,48,B
3,379,P,19,8,4,94,14,A_r,NA,77,B
3,380,P,20,8,3,94,14,A_r,NA,77,B
3,381,P,21,8,4,95,14,B_r,NA,32,B
3,382,P,22,8,3,95,14,B_r,NA,32,B
3,383,P,23,8,4,96,14,B_r,NA,NA,B
3,384,P,24,8,3,96,14,B_r,NA,NA,B
4,1,A,1,1,1,1,14,B_r,NA,NA,AB
4,2,A,2,1,2,1,14,B_r,NA,NA,AB
4,3,A,3,1,1,2,14,A_r,NA,NA,AB
4,4,A,4,1,2,2,14,A_r,NA,NA,AB
4,5,A,5,1,1,3,14,NA,3,NA,AB
4,6,A,6,1,2,3,14,NA,3,NA,AB
4,7,A,7,1,1,4,14,B_r,NA,34,AB
4,8,A,8,1,2,4,14,B_r,NA,34,AB
4,9,A,9,1,1,5,14,NA,5,NA,AB
4,10,A,10,1,2,5,14,NA,5,NA,AB
4,11,A,11,1,1,6,14,bl,NA,NA,none
4,12,A,12,1,2,6,14,bl,NA,NA,none
4,13,A,13,1,1,7,14,A_r,NA,55,AB
4,14,A,14,1,2,7,14,A_r,NA,55,AB
4,15,A,15,1,1,8,14,A_r,NA,NA,AB
4,16,A,16,1,2,8,14,A_r,NA,NA,AB
4,17,A,17,1,1,9,14,B_r,NA,NA,AB
4,18,A,18,1,2,9,14,B_r,NA,NA,AB
4,19,A,19,1,1,10,14,A_r,NA,9,AB
4,20,A,20,1,2,10,14,A_r,NA,9,AB
4,21,A,21,1,1,11,14,B_r,NA,83,AB
4,22,A,22,1,2,11,14,B_r,NA,83,AB
4,23,A,23,1,1,12,14,NA,12,86,AB
4,24,A,24,1,2,12,14,NA,12,86,AB
4,25,B,1,1,4,1,14,B_r,NA,NA,AB
4,26,B,2,1,3,1,14,B_r,NA,NA,AB
4,27,B,3,1,4,2,14,A_r,NA,NA,AB
4,28,B,4,1,3,2,14,A_r,NA,NA,AB
4,29,B,5,1,4,3,14,NA,3,NA,AB
4,30,B,6,1,3,3,14,NA,3,NA,AB
4,31,B,7,1,4,4,14,B_r,NA,34,AB
4,32,B,8,1,3,4,14,B_r,NA,34,AB
4,33,B,9,1,4,5,14,NA,5,NA,AB
4,34,B,10,1,3,5,14,NA,5,NA,AB
4,35,B,11,1,4,6,14,bl,NA,NA,none
4,36,B,12,1,3,6,14,bl,NA,NA,none
4,37,B,13,1,4,7,14,A_r,NA,55,AB
4,38,B,14,1,3,7,14,A_r,NA,55,AB
4,39,B,15,1,4,8,14,A_r,NA,NA,AB
4,40,B,16,1,3,8,14,A_r,NA,NA,AB
4,41,B,17,1,4,9,14,B_r,NA,NA,AB
4,42,B,18,1,3,9,14,B_r,NA,NA,AB
4,43,B,19,1,4,10,14,A_r,NA,9,AB
4,44,B,20,1,3,10,14,A_r,NA,9,AB
4,45,B,21,1,4,11,14,B_r,NA,83,AB
4,46,B,22,1,3,11,14,B_r,NA,83,AB
4,47,B,23,1,4,12,14,NA,12,86,AB
4,48,B,24,1,3,12,14,NA,12,86,AB
4,49,C,1,2,1,13,14,B_r,NA,NA,AB
4,50,C,2,2,2,13,14,B_r,NA,NA,AB
4,51,C,3,2,1,14,14,A_r,NA,NA,AB
4,52,C,4,2,2,14,14,A_r,NA,NA,AB
4,53,C,5,2,1,15,14,B_r,NA,NA,AB
4,54,C,6,2,2,15,14,B_r,NA,NA,AB
4,55,C,7,2,1,16,14,NA,16,NA,AB
4,56,C,8,2,2,16,14,NA,16,NA,AB
4,57,C,9,2,1,17,14,B_r,NA,19,AB
4,58,C,10,2,2,17,14,B_r,NA,19,AB
4,59,C,11,2,1,18,14,A_r,NA,NA,AB
4,60,C,12,2,2,18,14,A_r,NA,NA,AB
4,61,C,13,2,1,19,14,NA,19,NA,AB
4,62,C,14,2,2,19,14,NA,19,NA,AB
4,63,C,15,2,1,20,14,A_r,NA,NA,AB
4,64,C,16,2,2,20,14,A_r,NA,NA,AB
4,65,C,17,2,1,21,14,B_r,NA,63,AB
4,66,C,18,2,2,21,14,B_r,NA,63,AB
4,67,C,19,2,1,22,14,A_r,NA,NA,AB
4,68,C,20,2,2,22,14,A_r,NA,NA,AB
4,69,C,21,2,1,23,14,A_r,NA,NA,AB
4,70,C,22,2,2,23,14,A_r,NA,NA,AB
4,71,C,23,2,1,24,14,B_r,NA,61,AB
4,72,C,24,2,2,24,14,B_r,NA,61,AB
4,73,D,1,2,4,13,14,B_r,NA,NA,AB
4,74,D,2,2,3,13,14,B_r,NA,NA,AB
4,75,D,3,2,4,14,14,A_r,NA,NA,AB
4,76,D,4,2,3,14,14,A_r,NA,NA,AB
4,77,D,5,2,4,15,14,B_r,NA,NA,AB
4,78,D,6,2,3,15,14,B_r,NA,NA,AB
4,79,D,7,2,4,16,14,NA,16,NA,AB
4,80,D,8,2,3,16,14,NA,16,NA,AB
4,81,D,9,2,4,17,14,B_r,NA,19,AB
4,82,D,10,2,3,17,14,B_r,NA,19,AB
4,83,D,11,2,4,18,14,A_r,NA,NA,AB
4,84,D,12,2,3,18,14,A_r,NA,NA,AB
4,85,D,13,2,4,19,14,NA,19,NA,AB
4,86,D,14,2,3,19,14,NA,19,NA,AB
4,87,D,15,2,4,20,14,A_r,NA,NA,AB
4,88,D,16,2,3,20,14,A_r,NA,NA,AB
4,89,D,17,2,4,21,14,B_r,NA,63,AB
4,90,D,18,2,3,21,14,B_r,NA,63,AB
4,91,D,19,2,4,22,14,A_r,NA,NA,AB
4,92,D,20,2,3,22,14,A_r,NA,NA,AB
4,93,D,21,2,4,23,14,A_r,NA,NA,AB
4,94,D,22,2,3,23,14,A_r,NA,NA,AB
4,95,D,23,2,4,24,14,B_r,NA,61,AB
4,96,D,24,2,3,24,14,B_r,NA,61,AB
4,97,E,1,3,1,25,14,NA,25,NA,AB
4,98,E,2,3,2,25,14,NA,25,NA,AB
4,99,E,3,3,1,26,14,NA,26,86,AB
4,100,E,4,3,2,26,14,NA,26,86,AB
4,101,E,5,3,1,27,14,B_r,NA,79,AB
4,102,E,6,3,2,27,14,B_r,NA,79,AB
4,103,E,7,3,1,28,14,A_r,NA,56,AB
4,104,E,8,3,2,28,14,A_r,NA,56,AB
4,105,E,9,3,1,29,14,A_r,NA,NA,AB
4,106,E,10,3,2,29,14,A_r,NA,NA,AB
4,107,E,11,3,1,30,14,NA,30,56,AB
4,108,E,12,3,2,30,14,NA,30,56,AB
4,109,E,13,3,1,31,14,B_r,NA,NA,AB
4,110,E,14,3,2,31,14,B_r,NA,NA,AB
4,111,E,15,3,1,32,14,NA,32,NA,AB
4,112,E,16,3,2,32,14,NA,32,NA,AB
4,113,E,17,3,1,33,14,A_r,NA,48,AB
4,114,E,18,3,2,33,14,A_r,NA,48,AB
4,115,E,19,3,1,34,14,B_r,NA,NA,AB
4,116,E,20,3,2,34,14,B_r,NA,NA,AB
4,117,E,21,3,1,35,14,B_r,NA,NA,AB
4,118,E,22,3,2,35,14,B_r,NA,NA,AB
4,119,E,23,3,1,36,14,B_r,NA,NA,AB
4,120,E,24,3,2,36,14,B_r,NA,NA,AB
4,121,F,1,3,4,25,14,NA,25,NA,AB
4,122,F,2,3,3,25,14,NA,25,NA,AB
4,123,F,3,3,4,26,14,NA,26,86,AB
4,124,F,4,3,3,26,14,NA,26,86,AB
4,125,F,5,3,4,27,14,B_r,NA,79,AB
4,126,F,6,3,3,27,14,B_r,NA,79,AB
4,127,F,7,3,4,28,14,A_r,NA,56,AB
4,128,F,8,3,3,28,14,A_r,NA,56,AB
4,129,F,9,3,4,29,14,A_r,NA,NA,AB
4,130,F,10,3,3,29,14,A_r,NA,NA,AB
4,131,F,11,3,4,30,14,NA,30,56,AB
4,132,F,12,3,3,30,14,NA,30,56,AB
4,133,F,13,3,4,31,14,B_r,NA,NA,AB
4,134,F,14,3,3,31,14,B_r,NA,NA,AB
4,135,F,15,3,4,32,14,NA,32,NA,AB
4,136,F,16,3,3,32,14,NA,32,NA,AB
4,137,F,17,3,4,33,14,A_r,NA,48,AB
4,138,F,18,3,3,33,14,A_r,NA,48,AB
4,139,F,19,3,4,34,14,B_r,NA,NA,AB
4,140,F,20,3,3,34,14,B_r,NA,NA,AB
4,141,F,21,3,4,35,14,B_r,NA,NA,AB
4,142,F,22,3,3,35,14,B_r,NA,NA,AB
4,143,F,23,3,4,36,14,B_r,NA,NA,AB
4,144,F,24,3,3,36,14,B_r,NA,NA,AB
4,145,G,1,4,1,37,14,A_r,NA,NA,AB
4,146,G,2,4,2,37,14,A_r,NA,NA,AB
4,147,G,3,4,1,38,14,NA,38,50,AB
4,148,G,4,4,2,38,14,NA,38,50,AB
4,149,G,5,4,1,39,14,A_r,NA,82,AB
4,150,G,6,4,2,39,14,A_r,NA,82,AB
4,151,G,7,4,1,40,14,NA,40,NA,AB
4,152,G,8,4,2,40,14,NA,40,NA,AB
4,153,G,9,4,1,41,14,B_r,NA,NA,AB
4,154,G,10,4,2,41,14,B_r,NA,NA,AB
4,155,G,11,4,1,42,14,A_r,NA,29,AB
4,156,G,12,4,2,42,14,A_r,NA,29,AB
4,157,G,13,4,1,43,14,A_r,NA,NA,AB
4,158,G,14,4,2,43,14,A_r,NA,NA,AB
4,159,G,15,4,1,44,14,NA,44,NA,AB
4,160,G,16,4,2,44,14,NA,44,NA,AB
4,161,G,17,4,1,45,14,NA,45,NA,AB
4,162,G,18,4,2,45,14,NA,45,NA,AB
4,163,G,19,4,1,46,14,NA,46,3,AB
4,164,G,20,4,2,46,14,NA,46,3,AB
4,165,G,21,4,1,47,14,B_r,NA,NA,AB
4,166,G,22,4,2,47,14,B_r,NA,NA,AB
4,167,G,23,4,1,48,14,NA,48,NA,AB
4,168,G,24,4,2,48,14,NA,48,NA,AB
4,169,H,1,4,4,37,14,A_r,NA,NA,AB
4,170,H,2,4,3,37,14,A_r,NA,NA,AB
4,171,H,3,4,4,38,14,NA,38,50,AB
4,172,H,4,4,3,38,14,NA,38,50,AB
4,173,H,5,4,4,39,14,A_r,NA,82,AB
4,174,H,6,4,3,39,14,A_r,NA,82,AB
4,175,H,7,4,4,40,14,NA,40,NA,AB
4,176,H,8,4,3,40,14,NA,40,NA,AB
4,177,H,9,4,4,41,14,B_r,NA,NA,AB
4,178,H,10,4,3,41,14,B_r,NA,NA,AB
4,179,H,11,4,4,42,14,A_r,NA,29,AB
4,180,H,12,4,3,42,14,A_r,NA,29,AB
4,181,H,13,4,4,43,14,A_r,NA,NA,AB
4,182,H,14,4,3,43,14,A_r,NA,NA,AB
4,183,H,15,4,4,44,14,NA,44,NA,AB
4,184,H,16,4,3,44,14,NA,44,NA,AB
4,185,H,17,4,4,45,14,NA,45,NA,AB
4,186,H,18,4,3,45,14,NA,45,NA,AB
4,187,H,19,4,4,46,14,NA,46,3,AB
4,188,H,20,4,3,46,14,NA,46,3,AB
4,189,H,21,4,4,47,14,B_r,NA,NA,AB
4,190,H,22,4,3,47,14,B_r,NA,NA,AB
4,191,H,23,4,4,48,14,NA,48,NA,AB
4,192,H,24,4,3,48,14,NA,48,NA,AB
4,193,I,1,5,1,49,14,NA,49,64,AB
4,194,I,2,5,2,49,14,NA,49,64,AB
4,195,I,3,5,1,50,14,NA,50,NA,AB
4,196,I,4,5,2,50,14,NA,50,NA,AB
4,197,I,5,5,1,51,14,A_r,NA,35,AB
4,198,I,6,5,2,51,14,A_r,NA,35,AB
4,199,I,7,5,1,52,14,NA,52,NA,AB
4,200,I,8,5,2,52,14,NA,52,NA,AB
4,201,I,9,5,1,53,14,NA,53,NA,AB
4,202,I,10,5,2,53,14,NA,53,NA,AB
4,203,I,11,5,1,54,14,A_r,NA,NA,AB
4,204,I,12,5,2,54,14,A_r,NA,NA,AB
4,205,I,13,5,1,55,14,NA,55,NA,AB
4,206,I,14,5,2,55,14,NA,55,NA,AB
4,207,I,15,5,1,56,14,A_r,NA,NA,AB
4,208,I,16,5,2,56,14,A_r,NA,NA,AB
4,209,I,17,5,1,57,14,A_r,NA,NA,AB
4,210,I,18,5,2,57,14,A_r,NA,NA,AB
4,211,I,19,5,1,58,14,A_r,NA,NA,AB
4,212,I,20,5,2,58,14,A_r,NA,NA,AB
4,213,I,21,5,1,59,14,B_r,NA,14,AB
4,214,I,22,5,2,59,14,B_r,NA,14,AB
4,215,I,23,5,1,60,14,NA,60,NA,AB
4,216,I,24,5,2,60,14,NA,60,NA,AB
4,217,J,1,5,4,49,14,NA,49,64,AB
4,218,J,2,5,3,49,14,NA,49,64,AB
4,219,J,3,5,4,50,14,NA,50,NA,AB
4,220,J,4,5,3,50,14,NA,50,NA,AB
4,221,J,5,5,4,51,14,A_r,NA,35,AB
4,222,J,6,5,3,51,14,A_r,NA,35,AB
4,223,J,7,5,4,52,14,NA,52,NA,AB
4,224,J,8,5,3,52,14,NA,52,NA,AB
4,225,J,9,5,4,53,14,NA,53,NA,AB
4,226,J,10,5,3,53,14,NA,53,NA,AB
4,227,J,11,5,4,54,14,A_r,NA,NA,AB
4,228,J,12,5,3,54,14,A_r,NA,NA,AB
4,229,J,13,5,4,55,14,NA,55,NA,AB
4,230,J,14,5,3,55,14,NA,55,NA,AB
4,231,J,15,5,4,56,14,A_r,NA,NA,AB
4,232,J,16,5,3,56,14,A_r,NA,NA,AB
4,233,J,17,5,4,57,14,A_r,NA,NA,AB
4,234,J,18,5,3,57,14,A_r,NA,NA,AB
4,235,J,19,5,4,58,14,A_r,NA,NA,AB
4,236,J,20,5,3,58,14,A_r,NA,NA,AB
4,237,J,21,5,4,59,14,B_r,NA,14,AB
4,238,J,22,5,3,59,14,B_r,NA,14,AB
4,239,J,23,5,4,60,14,NA,60,NA,AB
4,240,J,24,5,3,60,14,NA,60,NA,AB
4,241,K,1,6,1,61,14,A_r,NA,NA,AB
4,242,K,2,6,2,61,14,A_r,NA,NA,AB
4,243,K,3,6,1,62,14,NA,62,NA,AB
4,244,K,4,6,2,62,14,NA,62,NA,AB
4,245,K,5,6,1,63,14,B_r,NA,NA,AB
4,246,K,6,6,2,63,14,B_r,NA,NA,AB
4,247,K,7,6,1,64,14,NA,64,NA,AB
4,248,K,8,6,2,64,14,NA,64,NA,AB
4,249,K,9,6,1,65,14,NA,65,36,AB
4,250,K,10,6,2,65,14,NA,65,36,AB
4,251,K,11,6,1,66,14,NA,66,29,AB
4,252,K,12,6,2,66,14,NA,66,29,AB
4,253,K,13,6,1,67,14,NA,67,NA,AB
4,254,K,14,6,2,67,14,NA,67,NA,AB
4,255,K,15,6,1,68,14,NA,68,NA,AB
4,256,K,16,6,2,68,14,NA,68,NA,AB
4,257,K,17,6,1,69,14,NA,69,NA,AB
4,258,K,18,6,2,69,14,NA,69,NA,AB
4,259,K,19,6,1,70,14,B_r,NA,22,AB
4,260,K,20,6,2,70,14,B_r,NA,22,AB
4,261,K,21,6,1,71,14,A_r,NA,NA,AB
4,262,K,22,6,2,71,14,A_r,NA,NA,AB
4,263,K,23,6,1,72,14,NA,72,NA,AB
4,264,K,24,6,2,72,14,NA,72,NA,AB
4,265,L,1,6,4,61,14,A_r,NA,NA,AB
4,266,L,2,6,3,61,14,A_r,NA,NA,AB
4,267,L,3,6,4,62,14,NA,62,NA,AB
4,268,L,4,6,3,62,14,NA,62,NA,AB
4,269,L,5,6,4,63,14,B_r,NA,NA,AB
4,270,L,6,6,3,63,14,B_r,NA,NA,AB
4,271,L,7,6,4,64,14,NA,64,NA,AB
4,272,L,8,6,3,64,14,NA,64,NA,AB
4,273,L,9,6,4,65,14,NA,65,36,AB
4,274,L,10,6,3,65,14,NA,65,36,AB
4,275,L,11,6,4,66,14,NA,66,29,AB
4,276,L,12,6,3,66,14,NA,66,29,AB
4,277,L,13,6,4,67,14,NA,67,NA,AB
4,278,L,14,6,3,67,14,NA,67,NA,AB
4,279,L,15,6,4,68,14,NA,68,NA,AB
4,280,L,16,6,3,68,14,NA,68,NA,AB
4,281,L,17,6,4,69,14,NA,69,NA,AB
4,282,L,18,6,3,69,14,NA,69,NA,AB
4,283,L,19,6,4,70,14,B_r,NA,22,AB
4,284,L,20,6,3,70,14,B_r,NA,22,AB
4,285,L,21,6,4,71,14,A_r,NA,NA,AB
4,286,L,22,6,3,71,14,A_r,NA,NA,AB
4,287,L,23,6,4,72,14,NA,72,NA,AB
4,288,L,24,6,3,72,14,NA,72,NA,AB
4,289,M,1,7,1,73,14,NA,73,NA,AB
4,290,M,2,7,2,73,14,NA,73,NA,AB
4,291,M,3,7,1,74,14,B_r,NA,NA,AB
4,292,M,4,7,2,74,14,B_r,NA,NA,AB
4,293,M,5,7,1,75,14,NA,75,NA,AB
4,294,M,6,7,2,75,14,NA,75,NA,AB
4,295,M,7,7,1,76,14,B_r,NA,NA,AB
4,296,M,8,7,2,76,14,B_r,NA,NA,AB
4,297,M,9,7,1,77,14,NA,77,NA,AB
4,298,M,10,7,2,77,14,NA,77,NA,AB
4,299,M,11,7,1,78,14,NA,78,NA,AB
4,300,M,12,7,2,78,14,NA,78,NA,AB
4,301,M,13,7,1,79,14,B_r,NA,NA,AB
4,302,M,14,7,2,79,14,B_r,NA,NA,AB
4,303,M,15,7,1,80,14,NA,80,41,AB
4,304,M,16,7,2,80,14,NA,80,41,AB
4,305,M,17,7,1,81,14,A_r,NA,8,AB
4,306,M,18,7,2,81,14,A_r,NA,8,AB
4,307,M,19,7,1,82,14,NA,82,NA,AB
4,308,M,20,7,2,82,14,NA,82,NA,AB
4,309,M,21,7,1,83,14,A_r,NA,NA,AB
4,310,M,22,7,2,83,14,A_r,NA,NA,AB
4,311,M,23,7,1,84,14,A_r,NA,48,AB
4,312,M,24,7,2,84,14,A_r,NA,48,AB
4,313,N,1,7,4,73,14,NA,73,NA,AB
4,314,N,2,7,3,73,14,NA,73,NA,AB
4,315,N,3,7,4,74,14,B_r,NA,NA,AB
4,316,N,4,7,3,74,14,B_r,NA,NA,AB
4,317,N,5,7,4,75,14,NA,75,NA,AB
4,318,N,6,7,3,75,14,NA,75,NA,AB
4,319,N,7,7,4,76,14,B_r,NA,NA,AB
4,320,N,8,7,3,76,14,B_r,NA,NA,AB
4,321,N,9,7,4,77,14,NA,77,NA,AB
4,322,N,10,7,3,77,14,NA,77,NA,AB
4,323,N,11,7,4,78,14,NA,78,NA,AB
4,324,N,12,7,3,78,14,NA,78,NA,AB
4,325,N,13,7,4,79,14,B_r,NA,NA,AB
4,326,N,14,7,3,79,14,B_r,NA,NA,AB
4,327,N,15,7,4,80,14,NA,80,41,AB
4,328,N,16,7,3,80,14,NA,80,41,AB
4,329,N,17,7,4,81,14,A_r,NA,8,AB
4,330,N,18,7,3,81,14,A_r,NA,8,AB
4,331,N,19,7,4,82,14,NA,82,NA,AB
4,332,N,20,7,3,82,14,NA,82,NA,AB
4,333,N,21,7,4,83,14,A_r,NA,NA,AB
4,334,N,22,7,3,83,14,A_r,NA,NA,AB
4,335,N,23,7,4,84,14,A_r,NA,48,AB
4,336,N,24,7,3,84,14,A_r,NA,48,AB
4,337,O,1,8,1,85,14,NA,85,87,AB
4,338,O,2,8,2,85,14,NA,85,87,AB
4,339,O,3,8,1,86,14,B_r,NA,NA,AB
4,340,O,4,8,2,86,14,B_r,NA,NA,AB
4,341,O,5,8,1,87,14,A_r,NA,NA,AB
4,342,O,6,8,2,87,14,A_r,NA,NA,AB
4,343,O,7,8,1,88,14,A_r,NA,NA,AB
4,344,O,8,8,2,88,14,A_r,NA,NA,AB
4,345,O,9,8,1,89,14,A_r,NA,NA,AB
4,346,O,10,8,2,89,14,A_r,NA,NA,AB
4,347,O,11,8,1,90,14,bl,NA,NA,none
4,348,O,12,8,2,90,14,bl,NA,NA,none
4,349,O,13,8,1,91,14,NA,91,NA,AB
4,350,O,14,8,2,91,14,NA,91,NA,AB
4,351,O,15,8,1,92,14,A_r,NA,NA,AB
4,352,O,16,8,2,92,14,A_r,NA,NA,AB
4,353,O,17,8,1,93,14,B_r,NA,48,AB
4,354,O,18,8,2,93,14,B_r,NA,48,AB
4,355,O,19,8,1,94,14,A_r,NA,77,AB
4,356,O,20,8,2,94,14,A_r,NA,77,AB
4,357,O,21,8,1,95,14,B_r,NA,32,AB
4,358,O,22,8,2,95,14,B_r,NA,32,AB
4,359,O,23,8,1,96,14,B_r,NA,NA,AB
4,360,O,24,8,2,96,14,B_r,NA,NA,AB
4,361,P,1,8,4,85,14,NA,85,87,AB
4,362,P,2,8,3,85,14,NA,85,87,AB
4,363,P,3,8,4,86,14,B_r,NA,NA,AB
4,364,P,4,8,3,86,14,B_r,NA,NA,AB
4,365,P,5,8,4,87,14,A_r,NA,NA,AB
4,366,P,6,8,3,87,14,A_r,NA,NA,AB
4,367,P,7,8,4,88,14,A_r,NA,NA,AB
4,368,P,8,8,3,88,14,A_r,NA,NA,AB
4,369,P,9,8,4,89,14,A_r,NA,NA,AB
4,370,P,10,8,3,89,14,A_r,NA,NA,AB
4,371,P,11,8,4,90,14,bl,NA,NA,none
4,372,P,12,8,3,90,14,bl,NA,NA,none
4,373,P,13,8,4,91,14,NA,91,NA,AB
4,374,P,14,8,3,91,14,NA,91,NA,AB
4,375,P,15,8,4,92,14,A_r,NA,NA,AB
4,376,P,16,8,3,92,14,A_r,NA,NA,AB
4,377,P,17,8,4,93,14,B_r,NA,48,AB
4,378,P,18,8,3,93,14,B_r,NA,48,AB
4,379,P,19,8,4,94,14,A_r,NA,77,AB
4,380,P,20,8,3,94,14,A_r,NA,77,AB
4,381,P,21,8,4,95,14,B_r,NA,32,AB
4,382,P,22,8,3,95,14,B_r,NA,32,AB
4,383,P,23,8,4,96,14,B_r,NA,NA,AB
4,384,P,24,8,3,96,14,B_r,NA,NA,AB
5,1,A,1,1,1,1,14,B_r,NA,NA,A
5,2,A,2,1,2,1,14,B_r,NA,NA,A
5,3,A,3,1,1,2,14,A_r,NA,NA,A
5,4,A,4,1,2,2,14,A_r,NA,NA,A
5,5,A,5,1,1,3,14,NA,3,NA,A
5,6,A,6,1,2,3,14,NA,3,NA,A
5,7,A,7,1,1,4,14,B_r,NA,34,A
5,8,A,8,1,2,4,14,B_r,NA,34,A
5,9,A,9,1,1,5,14,NA,5,NA,A
5,10,A,10,1,2,5,14,NA,5,NA,A
5,11,A,11,1,1,6,14,bl,NA,NA,none
5,12,A,12,1,2,6,14,bl,NA,NA,none
5,13,A,13,1,1,7,14,A_r,NA,55,A
5,14,A,14,1,2,7,14,A_r,NA,55,A
5,15,A,15,1,1,8,14,A_r,NA,NA,A
5,16,A,16,1,2,8,14,A_r,NA,NA,A
5,17,A,17,1,1,9,14,B_r,NA,NA,A
5,18,A,18,1,2,9,14,B_r,NA,NA,A
5,19,A,19,1,1,10,14,A_r,NA,9,A
5,20,A,20,1,2,10,14,A_r,NA,9,A
5,21,A,21,1,1,11,14,B_r,NA,83,A
5,22,A,22,1,2,11,14,B_r,NA,83,A
5,23,A,23,1,1,12,14,NA,12,86,A
5,24,A,24,1,2,12,14,NA,12,86,A
5,25,B,1,1,4,1,14,B_r,NA,NA,A
5,26,B,2,1,3,1,14,B_r,NA,NA,A
5,27,B,3,1,4,2,14,A_r,NA,NA,A
5,28,B,4,1,3,2,14,A_r,NA,NA,A
5,29,B,5,1,4,3,14,NA,3,NA,A
5,30,B,6,1,3,3,14,NA,3,NA,A
5,31,B,7,1,4,4,14,B_r,NA,34,A
5,32,B,8,1,3,4,14,B_r,NA,34,A
5,33,B,9,1,4,5,14,NA,5,NA,A
5,34,B,10,1,3,5,14,NA,5,NA,A
5,35,B,11,1,4,6,14,bl,NA,NA,none
5,36,B,12,1,3,6,14,bl,NA,NA,none
5,37,B,13,1,4,7,14,A_r,NA,55,A
5,38,B,14,1,3,7,14,A_r,NA,55,A
5,39,B,15,1,4,8,14,A_r,NA,NA,A
5,40,B,16,1,3,8,14,A_r,NA,NA,A
5,41,B,17,1,4,9,14,B_r,NA,NA,A
5,42,B,18,1,3,9,14,B_r,NA,NA,A
5,43,B,19,1,4,10,14,A_r,NA,9,A
5,44,B,20,1,3,10,14,A_r,NA,9,A
5,45,B,21,1,4,11,14,B_r,NA,83,A
5,46,B,22,1,3,11,14,B_r,NA,83,A
5,47,B,23,1,4,12,14,NA,12,86,A
5,48,B,24,1,3,12,14,NA,12,86,A
5,49,C,1,2,1,13,14,B_r,NA,NA,A
5,50,C,2,2,2,13,14,B_r,NA,NA,A
5,51,C,3,2,1,14,14,A_r,NA,NA,A
5,52,C,4,2,2,14,14,A_r,NA,NA,A
5,53,C,5,2,1,15,14,B_r,NA,NA,A
5,54,C,6,2,2,15,14,B_r,NA,NA,A
5,55,C,7,2,1,16,14,NA,16,NA,A
5,56,C,8,2,2,16,14,NA,16,NA,A
5,57,C,9,2,1,17,14,B_r,NA,19,A
5,58,C,10,2,2,17,14,B_r,NA,19,A
5,59,C,11,2,1,18,14,A_r,NA,NA,A
5,60,C,12,2,2,18,14,A_r,NA,NA,A
5,61,C,13,2,1,19,14,NA,19,NA,A
5,62,C,14,2,2,19,14,NA,19,NA,A
5,63,C,15,2,1,20,14,A_r,NA,NA,A
5,64,C,16,2,2,20,14,A_r,NA,NA,A
5,65,C,17,2,1,21,14,B_r,NA,63,A
5,66,C,18,2,2,21,14,B_r,NA,63,A
5,67,C,19,2,1,22,14,A_r,NA,NA,A
5,68,C,20,2,2,22,14,A_r,NA,NA,A
5,69,C,21,2,1,23,14,A_r,NA,NA,A
5,70,C,22,2,2,23,14,A_r,NA,NA,A
5,71,C,23,2,1,24,14,B_r,NA,61,A
5,72,C,24,2,2,24,14,B_r,NA,61,A
5,73,D,1,2,4,13,14,B_r,NA,NA,A
5,74,D,2,2,3,13,14,B_r,NA,NA,A
5,75,D,3,2,4,14,14,A_r,NA,NA,A
5,76,D,4,2,3,14,14,A_r,NA,NA,A
5,77,D,5,2,4,15,14,B_r,NA,NA,A
5,78,D,6,2,3,15,14,B_r,NA,NA,A
5,79,D,7,2,4,16,14,NA,16,NA,A
5,80,D,8,2,3,16,14,NA,16,NA,A
5,81,D,9,2,4,17,14,B_r,NA,19,A
5,82,D,10,2,3,17,14,B_r,NA,19,A
5,83,D,11,2,4,18,14,A_r,NA,NA,A
5,84,D,12,2,3,18,14,A_r,NA,NA,A
5,85,D,13,2,4,19,14,NA,19,NA,A
5,86,D,14,2,3,19,14,NA,19,NA,A
5,87,D,15,2,4,20,14,A_r,NA,NA,A
5,88,D,16,2,3,20,14,A_r,NA,NA,A
5,89,D,17,2,4,21,14,B_r,NA,63,A
5,90,D,18,2,3,21,14,B_r,NA,63,A
5,91,D,19,2,4,22,14,A_r,NA,NA,A
5,92,D,20,2,3,22,14,A_r,NA,NA,A
5,93,D,21,2,4,23,14,A_r,NA,NA,A
5,94,D,22,2,3,23,14,A_r,NA,NA,A
5,95,D,23,2,4,24,14,B_r,NA,61,A
5,96,D,24,2,3,24,14,B_r,NA,61,A
5,97,E,1,3,1,25,14,NA,25,NA,A
5,98,E,2,3,2,25,14,NA,25,NA,A
5,99,E,3,3,1,26,14,NA,26,86,A
5,100,E,4,3,2,26,14,NA,26,86,A
5,101,E,5,3,1,27,14,B_r,NA,79,A
5,102,E,6,3,2,27,14,B_r,NA,79,A
5,103,E,7,3,1,28,14,A_r,NA,56,A
5,104,E,8,3,2,28,14,A_r,NA,56,A
5,105,E,9,3,1,29,14,A_r,NA,NA,A
5,106,E,10,3,2,29,14,A_r,NA,NA,A
5,107,E,11,3,1,30,14,NA,30,56,A
5,108,E,12,3,2,30,14,NA,30,56,A
5,109,E,13,3,1,31,14,B_r,NA,NA,A
5,110,E,14,3,2,31,14,B_r,NA,NA,A
5,111,E,15,3,1,32,14,NA,32,NA,A
5,112,E,16,3,2,32,14,NA,32,NA,A
5,113,E,17,3,1,33,14,A_r,NA,48,A
5,114,E,18,3,2,33,14,A_r,NA,48,A
5,115,E,19,3,1,34,14,B_r,NA,NA,A
5,116,E,20,3,2,34,14,B_r,NA,NA,A
5,117,E,21,3,1,35,14,B_r,NA,NA,A
5,118,E,22,3,2,35,14,B_r,NA,NA,A
5,119,E,23,3,1,36,14,B_r,NA,NA,A
5,120,E,24,3,2,36,14,B_r,NA,NA,A
5,121,F,1,3,4,25,14,NA,25,NA,A
5,122,F,2,3,3,25,14,NA,25,NA,A
5,123,F,3,3,4,26,14,NA,26,86,A
5,124,F,4,3,3,26,14,NA,26,86,A
5,125,F,5,3,4,27,14,B_r,NA,79,A
5,126,F,6,3,3,27,14,B_r,NA,79,A
5,127,F,7,3,4,28,14,A_r,NA,56,A
5,128,F,8,3,3,28,14,A_r,NA,56,A
5,129,F,9,3,4,29,14,A_r,NA,NA,A
5,130,F,10,3,3,29,14,A_r,NA,NA,A
5,131,F,11,3,4,30,14,NA,30,56,A
5,132,F,12,3,3,30,14,NA,30,56,A
5,133,F,13,3,4,31,14,B_r,NA,NA,A
5,134,F,14,3,3,31,14,B_r,NA,NA,A
5,135,F,15,3,4,32,14,NA,32,NA,A
5,136,F,16,3,3,32,14,NA,32,NA,A
5,137,F,17,3,4,33,14,A_r,NA,48,A
5,138,F,18,3,3,33,14,A_r,NA,48,A
5,139,F,19,3,4,34,14,B_r,NA,NA,A
5,140,F,20,3,3,34,14,B_r,NA,NA,A
5,141,F,21,3,4,35,14,B_r,NA,NA,A
5,142,F,22,3,3,35,14,B_r,NA,NA,A
5,143,F,23,3,4,36,14,B_r,NA,NA,A
5,144,F,24,3,3,36,14,B_r,NA,NA,A
5,145,G,1,4,1,37,14,A_r,NA,NA,A
5,146,G,2,4,2,37,14,A_r,NA,NA,A
5,147,G,3,4,1,38,14,NA,38,50,A
5,148,G,4,4,2,38,14,NA,38,50,A
5,149,G,5,4,1,39,14,A_r,NA,82,A
5,150,G,6,4,2,39,14,A_r,NA,82,A
5,151,G,7,4,1,40,14,NA,40,NA,A
5,152,G,8,4,2,40,14,NA,40,NA,A
5,153,G,9,4,1,41,14,B_r,NA,NA,A
5,154,G,10,4,2,41,14,B_r,NA,NA,A
5,155,G,11,4,1,42,14,A_r,NA,29,A
5,156,G,12,4,2,42,14,A_r,NA,29,A
5,157,G,13,4,1,43,14,A_r,NA,NA,A
5,158,G,14,4,2,43,14,A_r,NA,NA,A
5,159,G,15,4,1,44,14,NA,44,NA,A
5,160,G,16,4,2,44,14,NA,44,NA,A
5,161,G,17,4,1,45,14,NA,45,NA,A
5,162,G,18,4,2,45,14,NA,45,NA,A
5,163,G,19,4,1,46,14,NA,46,3,A
5,164,G,20,4,2,46,14,NA,46,3,A
5,165,G,21,4,1,47,14,B_r,NA,NA,A
5,166,G,22,4,2,47,14,B_r,NA,NA,A
5,167,G,23,4,1,48,14,NA,48,NA,A
5,168,G,24,4,2,48,14,NA,48,NA,A
5,169,H,1,4,4,37,14,A_r,NA,NA,A
5,170,H,2,4,3,37,14,A_r,NA,NA,A
5,171,H,3,4,4,38,14,NA,38,50,A
5,172,H,4,4,3,38,14,NA,38,50,A
5,173,H,5,4,4,39,14,A_r,NA,82,A
5,174,H,6,4,3,39,14,A_r,NA,82,A
5,175,H,7,4,4,40,14,NA,40,NA,A
5,176,H,8,4,3,40,14,NA,40,NA,A
5,177,H,9,4,4,41,14,B_r,NA,NA,A
5,178,H,10,4,3,41,14,B_r,NA,NA,A
5,179,H,11,4,4,42,14,A_r,NA,29,A
5,180,H,12,4,3,42,14,A_r,NA,29,A
5,181,H,13,4,4,43,14,A_r,NA,NA,A
5,182,H,14,4,3,43,14,A_r,NA,NA,A
5,183,H,15,4,4,44,14,NA,44,NA,A
5,184,H,16,4,3,44,14,NA,44,NA,A
5,185,H,17,4,4,45,14,NA,45,NA,A
5,186,H,18,4,3,45,14,NA,45,NA,A
5,187,H,19,4,4,46,14,NA,46,3,A
5,188,H,20,4,3,46,14,NA,46,3,A
5,189,H,21,4,4,47,14,B_r,NA,NA,A
5,190,H,22,4,3,47,14,B_r,NA,NA,A
5,191,H,23,4,4,48,14,NA,48,NA,A
5,192,H,24,4,3,48,14,NA,48,NA,A
5,193,I,1,5,1,49,14,NA,49,64,A
5,194,I,2,5,2,49,14,NA,49,64,A
5,195,I,3,5,1,50,14,NA,50,NA,A
5,196,I,4,5,2,50,14,NA,50,NA,A
5,197,I,5,5,1,51,14,A_r,NA,35,A
5,198,I,6,5,2,51,14,A_r,NA,35,A
5,199,I,7,5,1,52,14,NA,52,NA,A
5,200,I,8,5,2,52,14,NA,52,NA,A
5,201,I,9,5,1,53,14,NA,53,NA,A
5,202,I,10,5,2,53,14,NA,53,NA,A
5,203,I,11,5,1,54,14,A_r,NA,NA,A
5,204,I,12,5,2,54,14,A_r,NA,NA,A
5,205,I,13,5,1,55,14,NA,55,NA,A
5,206,I,14,5,2,55,14,NA,55,NA,A
5,207,I,15,5,1,56,14,A_r,NA,NA,A
5,208,I,16,5,2,56,14,A_r,NA,NA,A
5,209,I,17,5,1,57,14,A_r,NA,NA,A
5,210,I,18,5,2,57,14,A_r,NA,NA,A
5,211,I,19,5,1,58,14,A_r,NA,NA,A
5,212,I,20,5,2,58,14,A_r,NA,NA,A
5,213,I,21,5,1,59,14,B_r,NA,14,A
5,214,I,22,5,2,59,14,B_r,NA,14,A
5,215,I,23,5,1,60,14,NA,60,NA,A
5,216,I,24,5,2,60,14,NA,60,NA,A
5,217,J,1,5,4,49,14,NA,49,64,A
5,218,J,2,5,3,49,14,NA,49,64,A
5,219,J,3,5,4,50,14,NA,50,NA,A
5,220,J,4,5,3,50,14,NA,50,NA,A
5,221,J,5,5,4,51,14,A_r,NA,35,A
5,222,J,6,5,3,51,14,A_r,NA,35,A
5,223,J,7,5,4,52,14,NA,52,NA,A
5,224,J,8,5,3,52,14,NA,52,NA,A
5,225,J,9,5,4,53,14,NA,53,NA,A
5,226,J,10,5,3,53,14,NA,53,NA,A
5,227,J,11,5,4,54,14,A_r,NA,NA,A
5,228,J,12,5,3,54,14,A_r,NA,NA,A
5,229,J,13,5,4,55,14,NA,55,NA,A
5,230,J,14,5,3,55,14,NA,55,NA,A
5,231,J,15,5,4,56,14,A_r,NA,NA,A
5,232,J,16,5,3,56,14,A_r,NA,NA,A
5,233,J,17,5,4,57,14,A_r,NA,NA,A
5,234,J,18,5,3,57,14,A_r,NA,NA,A
5,235,J,19,5,4,58,14,A_r,NA,NA,A
5,236,J,20,5,3,58,14,A_r,NA,NA,A
5,237,J,21,5,4,59,14,B_r,NA,14,A
5,238,J,22,5,3,59,14,B_r,NA,14,A
5,239,J,23,5,4,60,14,NA,60,NA,A
5,240,J,24,5,3,60,14,NA,60,NA,A
5,241,K,1,6,1,61,14,A_r,NA,NA,A
5,242,K,2,6,2,61,14,A_r,NA,NA,A
5,243,K,3,6,1,62,14,NA,62,NA,A
5,244,K,4,6,2,62,14,NA,62,NA,A
5,245,K,5,6,1,63,14,B_r,NA,NA,A
5,246,K,6,6,2,63,14,B_r,NA,NA,A
5,247,K,7,6,1,64,14,NA,64,NA,A
5,248,K,8,6,2,64,14,NA,64,NA,A
5,249,K,9,6,1,65,14,NA,65,36,A
5,250,K,10,6,2,65,14,NA,65,36,A
5,251,K,11,6,1,66,14,NA,66,29,A
5,252,K,12,6,2,66,14,NA,66,29,A
5,253,K,13,6,1,67,14,NA,67,NA,A
5,254,K,14,6,2,67,14,NA,67,NA,A
5,255,K,15,6,1,68,14,NA,68,NA,A
5,256,K,16,6,2,68,14,NA,68,NA,A
5,257,K,17,6,1,69,14,NA,69,NA,A
5,258,K,18,6,2,69,14,NA,69,NA,A
5,259,K,19,6,1,70,14,B_r,NA,22,A
5,260,K,20,6,2,70,14,B_r,NA,22,A
5,261,K,21,6,1,71,14,A_r,NA,NA,A
5,262,K,22,6,2,71,14,A_r,NA,NA,A
5,263,K,23,6,1,72,14,NA,72,NA,A
5,264,K,24,6,2,72,14,NA,72,NA,A
5,265,L,1,6,4,61,14,A_r,NA,NA,A
5,266,L,2,6,3,61,14,A_r,NA,NA,A
5,267,L,3,6,4,62,14,NA,62,NA,A
5,268,L,4,6,3,62,14,NA,62,NA,A
5,269,L,5,6,4,63,14,B_r,NA,NA,A
5,270,L,6,6,3,63,14,B_r,NA,NA,A
5,271,L,7,6,4,64,14,NA,64,NA,A
5,272,L,8,6,3,64,14,NA,64,NA,A
5,273,L,9,6,4,65,14,NA,65,36,A
5,274,L,10,6,3,65,14,NA,65,36,A
5,275,L,11,6,4,66,14,NA,66,29,A
5,276,L,12,6,3,66,14,NA,66,29,A
5,277,L,13,6,4,67,14,NA,67,NA,A
5,278,L,14,6,3,67,14,NA,67,NA,A
5,279,L,15,6,4,68,14,NA,68,NA,A
5,280,L,16,6,3,68,14,NA,68,NA,A
5,281,L,17,6,4,69,14,NA,69,NA,A
5,282,L,18,6,3,69,14,NA,69,NA,A
5,283,L,19,6,4,70,14,B_r,NA,22,A
5,284,L,20,6,3,70,14,B_r,NA,22,A
5,285,L,21,6,4,71,14,A_r,NA,NA,A
5,286,L,22,6,3,71,14,A_r,NA,NA,A
5,287,L,23,6,4,72,14,NA,72,NA,A
5,288,L,24,6,3,72,14,NA,72,NA,A
5,289,M,1,7,1,73,14,NA,73,NA,A
5,290,M,2,7,2,73,14,NA,73,NA,A
5,291,M,3,7,1,74,14,B_r,NA,NA,A
5,292,M,4,7,2,74,14,B_r,NA,NA,A
5,293,M,5,7,1,75,14,NA,75,NA,A
5,294,M,6,7,2,75,14,NA,75,NA,A
5,295,M,7,7,1,76,14,B_r,NA,NA,A
5,296,M,8,7,2,76,14,B_r,NA,NA,A
5,297,M,9,7,1,77,14,NA,77,NA,A
5,298,M,10,7,2,77,14,NA,77,NA,A
5,299,M,11,7,1,78,14,NA,78,NA,A
5,300,M,12,7,2,78,14,NA,78,NA,A
5,301,M,13,7,1,79,14,B_r,NA,NA,A
5,302,M,14,7,2,79,14,B_r,NA,NA,A
5,303,M,15,7,1,80,14,NA,80,41,A
5,304,M,16,7,2,80,14,NA,80,41,A
5,305,M,17,7,1,81,14,A_r,NA,8,A
5,306,M,18,7,2,81,14,A_r,NA,8,A
5,307,M,19,7,1,82,14,NA,82,NA,A
5,308,M,20,7,2,82,14,NA,82,NA,A
5,309,M,21,7,1,83,14,A_r,NA,NA,A
5,310,M,22,7,2,83,14,A_r,NA,NA,A
5,311,M,23,7,1,84,14,A_r,NA,48,A
5,312,M,24,7,2,84,14,A_r,NA,48,A
5,313,N,1,7,4,73,14,NA,73,NA,A
5,314,N,2,7,3,73,14,NA,73,NA,A
5,315,N,3,7,4,74,14,B_r,NA,NA,A
5,316,N,4,7,3,74,14,B_r,NA,NA,A
5,317,N,5,7,4,75,14,NA,75,NA,A
5,318,N,6,7,3,75,14,NA,75,NA,A
5,319,N,7,7,4,76,14,B_r,NA,NA,A
5,320,N,8,7,3,76,14,B_r,NA,NA,A
5,321,N,9,7,4,77,14,NA,77,NA,A
5,322,N,10,7,3,77,14,NA,77,NA,A
5,323,N,11,7,4,78,14,NA,78,NA,A
5,324,N,12,7,3,78,14,NA,78,NA,A
5,325,N,13,7,4,79,14,B_r,NA,NA,A
5,326,N,14,7,3,79,14,B_r,NA,NA,A
5,327,N,15,7,4,80,14,NA,80,41,A
5,328,N,16,7,3,80,14,NA,80,41,A
5,329,N,17,7,4,81,14,A_r,NA,8,A
5,330,N,18,7,3,81,14,A_r,NA,8,A
5,331,N,19,7,4,82,14,NA,82,NA,A
5,332,N,20,7,3,82,14,NA,82,NA,A
5,333,N,21,7,4,83,14,A_r,NA,NA,A
5,334,N,22,7,3,83,14,A_r,NA,NA,A
5,335,N,23,7,4,84,14,A_r,NA,48,A
5,336,N,24,7,3,84,14,A_r,NA,48,A
5,337,O,1,8,1,85,14,NA,85,87,A
5,338,O,2,8,2,85,14,NA,85,87,A
5,339,O,3,8,1,86,14,B_r,NA,NA,A
5,340,O,4,8,2,86,14,B_r,NA,NA,A
5,341,O,5,8,1,87,14,A_r,NA,NA,A
5,342,O,6,8,2,87,14,A_r,NA,NA,A
5,343,O,7,8,1,88,14,A_r,NA,NA,A
5,344,O,8,8,2,88,14,A_r,NA,NA,A
5,345,O,9,8,1,89,14,A_r,NA,NA,A
5,346,O,10,8,2,89,14,A_r,NA,NA,A
5,347,O,11,8,1,90,14,bl,NA,NA,none
5,348,O,12,8,2,90,14,bl,NA,NA,none
5,349,O,13,8,1,91,14,NA,91,NA,A
5,350,O,14,8,2,91,14,NA,91,NA,A
5,351,O,15,8,1,92,14,A_r,NA,NA,A
5,352,O,16,8,2,92,14,A_r,NA,NA,A
5,353,O,17,8,1,93,14,B_r,NA,48,A
5,354,O,18,8,2,93,14,B_r,NA,48,A
5,355,O,19,8,1,94,14,A_r,NA,77,A
5,356,O,20,8,2,94,14,A_r,NA,77,A
5,357,O,21,8,1,95,14,B_r,NA,32,A
5,358,O,22,8,2,95,14,B_r,NA,32,A
5,359,O,23,8,1,96,14,B_r,NA,NA,A
5,360,O,24,8,2,96,14,B_r,NA,NA,A
5,361,P,1,8,4,85,14,NA,85,87,A
5,362,P,2,8,3,85,14,NA,85,87,A
5,363,P,3,8,4,86,14,B_r,NA,NA,A
5,364,P,4,8,3,86,14,B_r,NA,NA,A
5,365,P,5,8,4,87,14,A_r,NA,NA,A
5,366,P,6,8,3,87,14,A_r,NA,NA,A
5,367,P,7,8,4,88,14,A_r,NA,NA,A
5,368,P,8,8,3,88,14,A_r,NA,NA,A
5,369,P,9,8,4,89,14,A_r,NA,NA,A
5,370,P,10,8,3,89,14,A_r,NA,NA,A
5,371,P,11,8,4,90,14,bl,NA,NA,none
5,372,P,12,8,3,90,14,bl,NA,NA,none
5,373,P,13,8,4,91,14,NA,91,NA,A
5,374,P,14,8,3,91,14,NA,91,NA,A
5,375,P,15,8,4,92,14,A_r,NA,NA,A
5,376,P,16,8,3,92,14,A_r,NA,NA,A
5,377,P,17,8,4,93,14,B_r,NA,48,A
5,378,P,18,8,3,93,14,B_r,NA,48,A
5,379,P,19,8,4,94,14,A_r,NA,77,A
5,380,P,20,8,3,94,14,A_r,NA,77,A
5,381,P,21,8,4,95,14,B_r,NA,32,A
5,382,P,22,8,3,95,14,B_r,NA,32,A
5,383,P,23,8,4,96,14,B_r,NA,NA,A
5,384,P,24,8,3,96,14,B_r,NA,NA,A
6,1,A,1,1,1,1,14,B_r,NA,NA,B
6,2,A,2,1,2,1,14,B_r,NA,NA,B
6,3,A,3,1,1,2,14,A_r,NA,NA,B
6,4,A,4,1,2,2,14,A_r,NA,NA,B
6,5,A,5,1,1,3,14,NA,3,NA,B
6,6,A,6,1,2,3,14,NA,3,NA,B
6,7,A,7,1,1,4,14,B_r,NA,34,A
6,8,A,8,1,2,4,14,B_r,NA,34,A
6,9,A,9,1,1,5,14,NA,5,NA,A
6,10,A,10,1,2,5,14,NA,5,NA,A
6,11,A,11,1,1,6,14,bl,NA,NA,none
6,12,A,12,1,2,6,14,bl,NA,NA,none
6,13,A,13,1,1,7,14,A_r,NA,55,A
6,14,A,14,1,2,7,14,A_r,NA,55,A
6,15,A,15,1,1,8,14,A_r,NA,NA,B
6,16,A,16,1,2,8,14,A_r,NA,NA,B
6,17,A,17,1,1,9,14,B_r,NA,NA,B
6,18,A,18,1,2,9,14,B_r,NA,NA,B
6,19,A,19,1,1,10,14,A_r,NA,9,A
6,20,A,20,1,2,10,14,A_r,NA,9,A
6,21,A,21,1,1,11,14,B_r,NA,83,A
6,22,A,22,1,2,11,14,B_r,NA,83,A
6,23,A,23,1,1,12,14,NA,12,86,B
6,24,A,24,1,2,12,14,NA,12,86,B
6,25,B,1,1,4,1,14,B_r,NA,NA,B
6,26,B,2,1,3,1,14,B_r,NA,NA,B
6,27,B,3,1,4,2,14,A_r,NA,NA,B
6,28,B,4,1,3,2,14,A_r,NA,NA,B
6,29,B,5,1,4,3,14,NA,3,NA,B
6,30,B,6,1,3,3,14,NA,3,NA,B
6,31,B,7,1,4,4,14,B_r,NA,34,A
6,32,B,8,1,3,4,14,B_r,NA,34,A
6,33,B,9,1,4,5,14,NA,5,NA,A
6,34,B,10,1,3,5,14,NA,5,NA,A
6,35,B,11,1,4,6,14,bl,NA,NA,none
6,36,B,12,1,3,6,14,bl,NA,NA,none
6,37,B,13,1,4,7,14,A_r,NA,55,A
6,38,B,14,1,3,7,14,A_r,NA,55,A
6,39,B,15,1,4,8,14,A_r,NA,NA,B
6,40,B,16,1,3,8,14,A_r,NA,NA,B
6,41,B,17,1,4,9,14,B_r,NA,NA,B
6,42,B,18,1,3,9,14,B_r,NA,NA,B
6,43,B,19,1,4,10,14,A_r,NA,9,A
6,44,B,20,1,3,10,14,A_r,NA,9,A
6,45,B,21,1,4,11,14,B_r,NA,83,A
6,46,B,22,1,3,11,14,B_r,NA,83,A
6,47,B,23,1,4,12,14,NA,12,86,B
6,48,B,24,1,3,12,14,NA,12,86,B
6,49,C,1,2,1,13,14,B_r,NA,NA,B
6,50,C,2,2,2,13,14,B_r,NA,NA,B
6,51,C,3,2,1,14,14,A_r,NA,NA,B
6,52,C,4,2,2,14,14,A_r,NA,NA,B
6,53,C,5,2,1,15,14,B_r,NA,NA,A
6,54,C,6,2,2,15,14,B_r,NA,NA,A
6,55,C,7,2,1,16,14,NA,16,NA,B
6,56,C,8,2,2,16,14,NA,16,NA,B
6,57,C,9,2,1,17,14,B_r,NA,19,B
6,58,C,10,2,2,17,14,B_r,NA,19,B
6,59,C,11,2,1,18,14,A_r,NA,NA,B
6,60,C,12,2,2,18,14,A_r,NA,NA,B
6,61,C,13,2,1,19,14,NA,19,NA,B
6,62,C,14,2,2,19,14,NA,19,NA,B
6,63,C,15,2,1,20,14,A_r,NA,NA,A
6,64,C,16,2,2,20,14,A_r,NA,NA,A
6,65,C,17,2,1,21,14,B_r,NA,63,B
6,66,C,18,2,2,21,14,B_r,NA,63,B
6,67,C,19,2,1,22,14,A_r,NA,NA,A
6,68,C,20,2,2,22,14,A_r,NA,NA,A
6,69,C,21,2,1,23,14,A_r,NA,NA,B
6,70,C,22,2,2,23,14,A_r,NA,NA,B
6,71,C,23,2,1,24,14,B_r,NA,61,B
6,72,C,24,2,2,24,14,B_r,NA,61,B
6,73,D,1,2,4,13,14,B_r,NA,NA,B
6,74,D,2,2,3,13,14,B_r,NA,NA,B
6,75,D,3,2,4,14,14,A_r,NA,NA,B
6,76,D,4,2,3,14,14,A_r,NA,NA,B
6,77,D,5,2,4,15,14,B_r,NA,NA,A
6,78,D,6,2,3,15,14,B_r,NA,NA,A
6,79,D,7,2,4,16,14,NA,16,NA,B
6,80,D,8,2,3,16,14,NA,16,NA,B
6,81,D,9,2,4,17,14,B_r,NA,19,B
6,82,D,10,2,3,17,14,B_r,NA,19,B
6,83,D,11,2,4,18,14,A_r,NA,NA,B
6,84,D,12,2,3,18,14,A_r,NA,NA,B
6,85,D,13,2,4,19,14,NA,19,NA,B
6,86,D,14,2,3,19,14,NA,19,NA,B
6,87,D,15,2,4,20,14,A_r,NA,NA,A
6,88,D,16,2,3,20,14,A_r,NA,NA,A
6,89,D,17,2,4,21,14,B_r,NA,63,B
6,90,D,18,2,3,21,14,B_r,NA,63,B
6,91,D,19,2,4,22,14,A_r,NA,NA,A
6,92,D,20,2,3,22,14,A_r,NA,NA,A
6,93,D,21,2,4,23,14,A_r,NA,NA,B
6,94,D,22,2,3,23,14,A_r,NA,NA,B
6,95,D,23,2,4,24,14,B_r,NA,61,B
6,96,D,24,2,3,24,14,B_r,NA,61,B
6,97,E,1,3,1,25,14,NA,25,NA,A
6,98,E,2,3,2,25,14,NA,25,NA,A
6,99,E,3,3,1,26,14,NA,26,86,A
6,100,E,4,3,2,26,14,NA,26,86,A
6,101,E,5,3,1,27,14,B_r,NA,79,B
6,102,E,6,3,2,27,14,B_r,NA,79,B
6,103,E,7,3,1,28,14,A_r,NA,56,A
6,104,E,8,3,2,28,14,A_r,NA,56,A
6,105,E,9,3,1,29,14,A_r,NA,NA,B
6,106,E,10,3,2,29,14,A_r,NA,NA,B
6,107,E,11,3,1,30,14,NA,30,56,A
6,108,E,12,3,2,30,14,NA,30,56,A
6,109,E,13,3,1,31,14,B_r,NA,NA,A
6,110,E,14,3,2,31,14,B_r,NA,NA,A
6,111,E,15,3,1,32,14,NA,32,NA,B
6,112,E,16,3,2,32,14,NA,32,NA,B
6,113,E,17,3,1,33,14,A_r,NA,48,B
6,114,E,18,3,2,33,14,A_r,NA,48,B
6,115,E,19,3,1,34,14,B_r,NA,NA,B
6,116,E,20,3,2,34,14,B_r,NA,NA,B
6,117,E,21,3,1,35,14,B_r,NA,NA,A
6,118,E,22,3,2,35,14,B_r,NA,NA,A
6,119,E,23,3,1,36,14,B_r,NA,NA,A
6,120,E,24,3,2,36,14,B_r,NA,NA,A
6,121,F,1,3,4,25,14,NA,25,NA,A
6,122,F,2,3,3,25,14,NA,25,NA,A
6,123,F,3,3,4,26,14,NA,26,86,A
6,124,F,4,3,3,26,14,NA,26,86,A
6,125,F,5,3,4,27,14,B_r,NA,79,B
6,126,F,6,3,3,27,14,B_r,NA,79,B
6,127,F,7,3,4,28,14,A_r,NA,56,A
6,128,F,8,3,3,28,14,A_r,NA,56,A
6,129,F,9,3,4,29,14,A_r,NA,NA,B
6,130,F,10,3,3,29,14,A_r,NA,NA,B
6,131,F,11,3,4,30,14,NA,30,56,A
6,132,F,12,3,3,30,14,NA,30,56,A
6,133,F,13,3,4,31,14,B_r,NA,NA,A
6,134,F,14,3,3,31,14,B_r,NA,NA,A
6,135,F,15,3,4,32,14,NA,32,NA,B
6,136,F,16,3,3,32,14,NA,32,NA,B
6,137,F,17,3,4,33,14,A_r,NA,48,B
6,138,F,18,3,3,33,14,A_r,NA,48,B
6,139,F,19,3,4,34,14,B_r,NA,NA,B
6,140,F,20,3,3,34,14,B_r,NA,NA,B
6,141,F,21,3,4,35,14,B_r,NA,NA,A
6,142,F,22,3,3,35,14,B_r,NA,NA,A
6,143,F,23,3,4,36,14,B_r,NA,NA,A
6,144,F,24,3,3,36,14,B_r,NA,NA,A
6,145,G,1,4,1,37,14,A_r,NA,NA,B
6,146,G,2,4,2,37,14,A_r,NA,NA,B
6,147,G,3,4,1,38,14,NA,38,50,A
6,148,G,4,4,2,38,14,NA,38,50,A
6,149,G,5,4,1,39,14,A_r,NA,82,B
6,150,G,6,4,2,39,14,A_r,NA,82,B
6,151,G,7,4,1,40,14,NA,40,NA,B
6,152,G,8,4,2,40,14,NA,40,NA,B
6,153,G,9,4,1,41,14,B_r,NA,NA,B
6,154,G,10,4,2,41,14,B_r,NA,NA,B
6,155,G,11,4,1,42,14,A_r,NA,29,A
6,156,G,12,4,2,42,14,A_r,NA,29,A
6,157,G,13,4,1,43,14,A_r,NA,NA,B
6,158,G,14,4,2,43,14,A_r,NA,NA,B
6,159,G,15,4,1,44,14,NA,44,NA,A
6,160,G,16,4,2,44,14,NA,44,NA,A
6,161,G,17,4,1,45,14,NA,45,NA,B
6,162,G,18,4,2,45,14,NA,45,NA,B
6,163,G,19,4,1,46,14,NA,46,3,A
6,164,G,20,4,2,46,14,NA,46,3,A
6,165,G,21,4,1,47,14,B_r,NA,NA,B
6,166,G,22,4,2,47,14,B_r,NA,NA,B
6,167,G,23,4,1,48,14,NA,48,NA,B
6,168,G,24,4,2,48,14,NA,48,NA,B
6,169,H,1,4,4,37,14,A_r,NA,NA,B
6,170,H,2,4,3,37,14,A_r,NA,NA,B
6,171,H,3,4,4,38,14,NA,38,50,A
6,172,H,4,4,3,38,14,NA,38,50,A
6,173,H,5,4,4,39,14,A_r,NA,82,B
6,174,H,6,4,3,39,14,A_r,NA,82,B
6,175,H,7,4,4,40,14,NA,40,NA,B
6,176,H,8,4,3,40,14,NA,40,NA,B
6,177,H,9,4,4,41,14,B_r,NA,NA,B
6,178,H,10,4,3,41,14,B_r,NA,NA,B
6,179,H,11,4,4,42,14,A_r,NA,29,A
6,180,H,12,4,3,42,14,A_r,NA,29,A
6,181,H,13,4,4,43,14,A_r,NA,NA,B
6,182,H,14,4,3,43,14,A_r,NA,NA,B
6,183,H,15,4,4,44,14,NA,44,NA,A
6,184,H,16,4,3,44,14,NA,44,NA,A
6,185,H,17,4,4,45,14,NA,45,NA,B
6,186,H,18,4,3,45,14,NA,45,NA,B
6,187,H,19,4,4,46,14,NA,46,3,A
6,188,H,20,4,3,46,14,NA,46,3,A
6,189,H,21,4,4,47,14,B_r,NA,NA,B
6,190,H,22,4,3,47,14,B_r,NA,NA,B
6,191,H,23,4,4,48,14,NA,48,NA,B
6,192,H,24,4,3,48,14,NA,48,NA,B
6,193,I,1,5,1,49,14,NA,49,64,A
6,194,I,2,5,2,49,14,NA,49,64,A
6,195,I,3,5,1,50,14,NA,50,NA,B
6,196,I,4,5,2,50,14,NA,50,NA,B
6,197,I,5,5,1,51,14,A_r,NA,35,A
6,198,I,6,5,2,51,14,A_r,NA,35,A
6,199,I,7,5,1,52,14,NA,52,NA,A
6,200,I,8,5,2,52,14,NA,52,NA,A
6,201,I,9,5,1,53,14,NA,53,NA,B
6,202,I,10,5,2,53,14,NA,53,NA,B
6,203,I,11,5,1,54,14,A_r,NA,NA,A
6,204,I,12,5,2,54,14,A_r,NA,NA,A
6,205,I,13,5,1,55,14,NA,55,NA,A
6,206,I,14,5,2,55,14,NA,55,NA,A
6,207,I,15,5,1,56,14,A_r,NA,NA,B
6,208,I,16,5,2,56,14,A_r,NA,NA,B
6,209,I,17,5,1,57,14,A_r,NA,NA,A
6,210,I,18,5,2,57,14,A_r,NA,NA,A
6,211,I,19,5,1,58,14,A_r,NA,NA,A
6,212,I,20,5,2,58,14,A_r,NA,NA,A
6,213,I,21,5,1,59,14,B_r,NA,14,B
6,214,I,22,5,2,59,14,B_r,NA,14,B
6,215,I,23,5,1,60,14,NA,60,NA,B
6,216,I,24,5,2,60,14,NA,60,NA,B
6,217,J,1,5,4,49,14,NA,49,64,A
6,218,J,2,5,3,49,14,NA,49,64,A
6,219,J,3,5,4,50,14,NA,50,NA,B
6,220,J,4,5,3,50,14,NA,50,NA,B
6,221,J,5,5,4,51,14,A_r,NA,35,A
6,222,J,6,5,3,51,14,A_r,NA,35,A
6,223,J,7,5,4,52,14,NA,52,NA,A
6,224,J,8,5,3,52,14,NA,52,NA,A
6,225,J,9,5,4,53,14,NA,53,NA,B
6,226,J,10,5,3,53,14,NA,53,NA,B
6,227,J,11,5,4,54,14,A_r,NA,NA,A
6,228,J,12,5,3,54,14,A_r,NA,NA,A
6,229,J,13,5,4,55,14,NA,55,NA,A
6,230,J,14,5,3,55,14,NA,55,NA,A
6,231,J,15,5,4,56,14,A_r,NA,NA,B
6,232,J,16,5,3,56,14,A_r,NA,NA,B
6,233,J,17,5,4,57,14,A_r,NA,NA,A
6,234,J,18,5,3,57,14,A_r,NA,NA,A
6,235,J,19,5,4,58,14,A_r,NA,NA,A
6,236,J,20,5,3,58,14,A_r,NA,NA,A
6,237,J,21,5,4,59,14,B_r,NA,14,B
6,238,J,22,5,3,59,14,B_r,NA,14,B
6,239,J,23,5,4,60,14,NA,60,NA,B
6,240,J,24,5,3,60,14,NA,60,NA,B
6,241,K,1,6,1,61,14,A_r,NA,NA,A
6,242,K,2,6,2,61,14,A_r,NA,NA,A
6,243,K,3,6,1,62,14,NA,62,NA,A
6,244,K,4,6,2,62,14,NA,62,NA,A
6,245,K,5,6,1,63,14,B_r,NA,NA,A
6,246,K,6,6,2,63,14,B_r,NA,NA,A
6,247,K,7,6,1,64,14,NA,64,NA,A
6,248,K,8,6,2,64,14,NA,64,NA,A
6,249,K,9,6,1,65,14,NA,65,36,B
6,250,K,10,6,2,65,14,NA,65,36,B
6,251,K,11,6,1,66,14,NA,66,29,B
6,252,K,12,6,2,66,14,NA,66,29,B
6,253,K,13,6,1,67,14,NA,67,NA,B
6,254,K,14,6,2,67,14,NA,67,NA,B
6,255,K,15,6,1,68,14,NA,68,NA,B
6,256,K,16,6,2,68,14,NA,68,NA,B
6,257,K,17,6,1,69,14,NA,69,NA,B
6,258,K,18,6,2,69,14,NA,69,NA,B
6,259,K,19,6,1,70,14,B_r,NA,22,A
6,260,K,20,6,2,70,14,B_r,NA,22,A
6,261,K,21,6,1,71,14,A_r,NA,NA,A
6,262,K,22,6,2,71,14,A_r,NA,NA,A
6,263,K,23,6,1,72,14,NA,72,NA,A
6,264,K,24,6,2,72,14,NA,72,NA,A
6,265,L,1,6,4,61,14,A_r,NA,NA,A
6,266,L,2,6,3,61,14,A_r,NA,NA,A
6,267,L,3,6,4,62,14,NA,62,NA,A
6,268,L,4,6,3,62,14,NA,62,NA,A
6,269,L,5,6,4,63,14,B_r,NA,NA,A
6,270,L,6,6,3,63,14,B_r,NA,NA,A
6,271,L,7,6,4,64,14,NA,64,NA,A
6,272,L,8,6,3,64,14,NA,64,NA,A
6,273,L,9,6,4,65,14,NA,65,36,B
6,274,L,10,6,3,65,14,NA,65,36,B
6,275,L,11,6,4,66,14,NA,66,29,B
6,276,L,12,6,3,66,14,NA,66,29,B
6,277,L,13,6,4,67,14,NA,67,NA,B
6,278,L,14,6,3,67,14,NA,67,NA,B
6,279,L,15,6,4,68,14,NA,68,NA,B
6,280,L,16,6,3,68,14,NA,68,NA,B
6,281,L,17,6,4,69,14,NA,69,NA,B
6,282,L,18,6,3,69,14,NA,69,NA,B
6,283,L,19,6,4,70,14,B_r,NA,22,A
6,284,L,20,6,3,70,14,B_r,NA,22,A
6,285,L,21,6,4,71,14,A_r,NA,NA,A
6,286,L,22,6,3,71,14,A_r,NA,NA,A
6,287,L,23,6,4,72,14,NA,72,NA,A
6,288,L,24,6,3,72,14,NA,72,NA,A
6,289,M,1,7,1,73,14,NA,73,NA,A
6,290,M,2,7,2,73,14,NA,73,NA,A
6,291,M,3,7,1,74,14,B_r,NA,NA,A
6,292,M,4,7,2,74,14,B_r,NA,NA,A
6,293,M,5,7,1,75,14,NA,75,NA,A
6,294,M,6,7,2,75,14,NA,75,NA,A
6,295,M,7,7,1,76,14,B_r,NA,NA,B
6,296,M,8,7,2,76,14,B_r,NA,NA,B
6,297,M,9,7,1,77,14,NA,77,NA,A
6,298,M,10,7,2,77,14,NA,77,NA,A
6,299,M,11,7,1,78,14,NA,78,NA,B
6,300,M,12,7,2,78,14,NA,78,NA,B
6,301,M,13,7,1,79,14,B_r,NA,NA,B
6,302,M,14,7,2,79,14,B_r,NA,NA,B
6,303,M,15,7,1,80,14,NA,80,41,A
6,304,M,16,7,2,80,14,NA,80,41,A
6,305,M,17,7,1,81,14,A_r,NA,8,B
6,306,M,18,7,2,81,14,A_r,NA,8,B
6,307,M,19,7,1,82,14,NA,82,NA,B
6,308,M,20,7,2,82,14,NA,82,NA,B
6,309,M,21,7,1,83,14,A_r,NA,NA,A
6,310,M,22,7,2,83,14,A_r,NA,NA,A
6,311,M,23,7,1,84,14,A_r,NA,48,A
6,312,M,24,7,2,84,14,A_r,NA,48,A
6,313,N,1,7,4,73,14,NA,73,NA,A
6,314,N,2,7,3,73,14,NA,73,NA,A
6,315,N,3,7,4,74,14,B_r,NA,NA,A
6,316,N,4,7,3,74,14,B_r,NA,NA,A
6,317,N,5,7,4,75,14,NA,75,NA,A
6,318,N,6,7,3,75,14,NA,75,NA,A
6,319,N,7,7,4,76,14,B_r,NA,NA,B
6,320,N,8,7,3,76,14,B_r,NA,NA,B
6,321,N,9,7,4,77,14,NA,77,NA,A
6,322,N,10,7,3,77,14,NA,77,NA,A
6,323,N,11,7,4,78,14,NA,78,NA,B
6,324,N,12,7,3,78,14,NA,78,NA,B
6,325,N,13,7,4,79,14,B_r,NA,NA,B
6,326,N,14,7,3,79,14,B_r,NA,NA,B
6,327,N,15,7,4,80,14,NA,80,41,A
6,328,N,16,7,3,80,14,NA,80,41,A
6,329,N,17,7,4,81,14,A_r,NA,8,B
6,330,N,18,7,3,81,14,A_r,NA,8,B
6,331,N,19,7,4,82,14,NA,82,NA,B
6,332,N,20,7,3,82,14,NA,82,NA,B
6,333,N,21,7,4,83,14,A_r,NA,NA,A
6,334,N,22,7,3,83,14,A_r,NA,NA,A
6,335,N,23,7,4,84,14,A_r,NA,48,A
6,336,N,24,7,3,84,14,A_r,NA,48,A
6,337,O,1,8,1,85,14,NA,85,87,A
6,338,O,2,8,2,85,14,NA,85,87,A
6,339,O,3,8,1,86,14,B_r,NA,NA,B
6,340,O,4,8,2,86,14,B_r,NA,NA,B
6,341,O,5,8,1,87,14,A_r,NA,NA,B
6,342,O,6,8,2,87,14,A_r,NA,NA,B
6,343,O,7,8,1,88,14,A_r,NA,NA,A
6,344,O,8,8,2,88,14,A_r,NA,NA,A
6,345,O,9,8,1,89,14,A_r,NA,NA,B
6,346,O,10,8,2,89,14,A_r,NA,NA,B
6,347,O,11,8,1,90,14,bl,NA,NA,none
6,348,O,12,8,2,90,14,bl,NA,NA,none
6,349,O,13,8,1,91,14,NA,91,NA,B
6,350,O,14,8,2,91,14,NA,91,NA,B
6,351,O,15,8,1,92,14,A_r,NA,NA,A
6,352,O,16,8,2,92,14,A_r,NA,NA,A
6,353,O,17,8,1,93,14,B_r,NA,48,A
6,354,O,18,8,2,93,14,B_r,NA,48,A
6,355,O,19,8,1,94,14,A_r,NA,77,A
6,356,O,20,8,2,94,14,A_r,NA,77,A
6,357,O,21,8,1,95,14,B_r,NA,32,B
6,358,O,22,8,2,95,14,B_r,NA,32,B
6,359,O,23,8,1,96,14,B_r,NA,NA,B
6,360,O,24,8,2,96,14,B_r,NA,NA,B
6,361,P,1,8,4,85,14,NA,85,87,A
6,362,P,2,8,3,85,14,NA,85,87,A
6,363,P,3,8,4,86,14,B_r,NA,NA,B
6,364,P,4,8,3,86,14,B_r,NA,NA,B
6,365,P,5,8,4,87,14,A_r,NA,NA,B
6,366,P,6,8,3,87,14,A_r,NA,NA,B
6,367,P,7,8,4,88,14,A_r,NA,NA,A
6,368,P,8,8,3,88,14,A_r,NA,NA,A
6,369,P,9,8,4,89,14,A_r,NA,NA,B
6,370,P,10,8,3,89,14,A_r,NA,NA,B
6,371,P,11,8,4,90,14,bl,NA,NA,none
6,372,P,12,8,3,90,14,bl,NA,NA,none
6,373,P,13,8,4,91,14,NA,91,NA,B
6,374,P,14,8,3,91,14,NA,91,NA,B
6,375,P,15,8,4,92,14,A_r,NA,NA,A
6,376,P,16,8,3,92,14,A_r,NA,NA,A
6,377,P,17,8,4,93,14,B_r,NA,48,A
6,378,P,18,8,3,93,14,B_r,NA,48,A
6,379,P,19,8,4,94,14,A_r,NA,77,A
6,380,P,20,8,3,94,14,A_r,NA,77,A
6,381,P,21,8,4,95,14,B_r,NA,32,B
6,382,P,22,8,3,95,14,B_r,NA,32,B
6,383,P,23,8,4,96,14,B_r,NA,NA,B
6,384,P,24,8,3,96,14,B_r,NA,NA,B
