,transfer,row,col,strain_wanted,strain_real,contaminated,replicate
t0_S_A1,0,A,1,,,False,0
t0_S_A2,0,A,2,,,False,2
t0_S_A3,0,A,3,,,False,0
t0_S_A4,0,A,4,,,False,2
t0_S_A5,0,A,5,,,False,0
t0_S_A6,0,A,6,,,False,2
t0_S_A7,0,A,7,,,False,0
t0_S_A8,0,A,8,,,False,2
t0_S_A9,0,A,9,,,False,0
t0_S_A10,0,A,10,,,False,2
t0_S_A11,0,A,11,,,False,0
t0_S_A12,0,A,12,,,False,2
t0_S_A13,0,A,13,,,False,0
t0_S_A14,0,A,14,,,False,2
t0_S_A15,0,A,15,,,False,0
t0_S_A16,0,A,16,,,False,2
t0_S_A17,0,A,17,,,False,0
t0_S_A18,0,A,18,,,False,2
t0_S_A19,0,A,19,,,False,0
t0_S_A20,0,A,20,,,False,2
t0_S_A21,0,A,21,,,False,0
t0_S_A22,0,A,22,,,False,2
t0_S_A23,0,A,23,,,False,0
t0_S_A24,0,A,24,,,False,2
t0_S_B1,0,B,1,,,False,1
t0_S_B2,0,B,2,,,False,3
t0_S_B3,0,B,3,,,False,1
t0_S_B4,0,B,4,,,False,3
t0_S_B5,0,B,5,,,False,1
t0_S_B6,0,B,6,,,False,3
t0_S_B7,0,B,7,,,False,1
t0_S_B8,0,B,8,,,False,3
t0_S_B9,0,B,9,,,False,1
t0_S_B10,0,B,10,,,False,3
t0_S_B11,0,B,11,,,False,1
t0_S_B12,0,B,12,,,False,3
t0_S_B13,0,B,13,,,False,1
t0_S_B14,0,B,14,,,False,3
t0_S_B15,0,B,15,,,False,1
t0_S_B16,0,B,16,,,False,3
t0_S_B17,0,B,17,,,False,1
t0_S_B18,0,B,18,,,False,3
t0_S_B19,0,B,19,,,False,1
t0_S_B20,0,B,20,,,False,3
t0_S_B21,0,B,21,,,False,1
t0_S_B22,0,B,22,,,False,3
t0_S_B23,0,B,23,,,False,1
t0_S_B24,0,B,24,,,False,3
t0_S_C1,0,C,1,,,False,0
t0_S_C2,0,C,2,,,False,2
t0_S_C3,0,C,3,,,False,0
t0_S_C4,0,C,4,,,False,2
t0_S_C5,0,C,5,,,False,0
t0_S_C6,0,C,6,,,False,2
t0_S_C7,0,C,7,,,False,0
t0_S_C8,0,C,8,,,False,2
t0_S_C9,0,C,9,,,False,0
t0_S_C10,0,C,10,,,False,2
t0_S_C11,0,C,11,,,False,0
t0_S_C12,0,C,12,,,False,2
t0_S_C13,0,C,13,,,False,0
t0_S_C14,0,C,14,,,False,2
t0_S_C15,0,C,15,,,False,0
t0_S_C16,0,C,16,,,False,2
t0_S_C17,0,C,17,,,False,0
t0_S_C18,0,C,18,,,False,2
t0_S_C19,0,C,19,,,False,0
t0_S_C20,0,C,20,,,False,2
t0_S_C21,0,C,21,,,False,0
t0_S_C22,0,C,22,,,False,2
t0_S_C23,0,C,23,,,False,0
t0_S_C24,0,C,24,,,False,2
t0_S_D1,0,D,1,,,False,1
t0_S_D2,0,D,2,,,False,3
t0_S_D3,0,D,3,,,False,1
t0_S_D4,0,D,4,,,False,3
t0_S_D5,0,D,5,,,False,1
t0_S_D6,0,D,6,,,False,3
t0_S_D7,0,D,7,,,False,1
t0_S_D8,0,D,8,,,False,3
t0_S_D9,0,D,9,,,False,1
t0_S_D10,0,D,10,,,False,3
t0_S_D11,0,D,11,,,False,1
t0_S_D12,0,D,12,,,False,3
t0_S_D13,0,D,13,,,False,1
t0_S_D14,0,D,14,,,False,3
t0_S_D15,0,D,15,,,False,1
t0_S_D16,0,D,16,,,False,3
t0_S_D17,0,D,17,,,False,1
t0_S_D18,0,D,18,,,False,3
t0_S_D19,0,D,19,,,False,1
t0_S_D20,0,D,20,,,False,3
t0_S_D21,0,D,21,,,False,1
t0_S_D22,0,D,22,,,False,3
t0_S_D23,0,D,23,,,False,1
t0_S_D24,0,D,24,,,False,3
t0_S_E1,0,E,1,,,False,0
t0_S_E2,0,E,2,,,False,2
t0_S_E3,0,E,3,,,False,0
t0_S_E4,0,E,4,,,False,2
t0_S_E5,0,E,5,,,False,0
t0_S_E6,0,E,6,,,False,2
t0_S_E7,0,E,7,,,False,0
t0_S_E8,0,E,8,,,False,2
t0_S_E9,0,E,9,,,False,0
t0_S_E10,0,E,10,,,False,2
t0_S_E11,0,E,11,,,False,0
t0_S_E12,0,E,12,,,False,2
t0_S_E13,0,E,13,,,False,0
t0_S_E14,0,E,14,,,False,2
t0_S_E15,0,E,15,,,False,0
t0_S_E16,0,E,16,,,False,2
t0_S_E17,0,E,17,,,False,0
t0_S_E18,0,E,18,,,False,2
t0_S_E19,0,E,19,,,False,0
t0_S_E20,0,E,20,,,False,2
t0_S_E21,0,E,21,,,False,0
t0_S_E22,0,E,22,,,False,2
t0_S_E23,0,E,23,,,False,0
t0_S_E24,0,E,24,,,False,2
t0_S_F1,0,F,1,,,False,1
t0_S_F2,0,F,2,,,False,3
t0_S_F3,0,F,3,,,False,1
t0_S_F4,0,F,4,,,False,3
t0_S_F5,0,F,5,,,False,1
t0_S_F6,0,F,6,,,False,3
t0_S_F7,0,F,7,,,False,1
t0_S_F8,0,F,8,,,False,3
t0_S_F9,0,F,9,,,False,1
t0_S_F10,0,F,10,,,False,3
t0_S_F11,0,F,11,,,False,1
t0_S_F12,0,F,12,,,False,3
t0_S_F13,0,F,13,,,False,1
t0_S_F14,0,F,14,,,False,3
t0_S_F15,0,F,15,,,False,1
t0_S_F16,0,F,16,,,False,3
t0_S_F17,0,F,17,,,False,1
t0_S_F18,0,F,18,,,False,3
t0_S_F19,0,F,19,,,False,1
t0_S_F20,0,F,20,,,False,3
t0_S_F21,0,F,21,,,False,1
t0_S_F22,0,F,22,,,False,3
t0_S_F23,0,F,23,,,False,1
t0_S_F24,0,F,24,,,False,3
t0_S_G1,0,G,1,,,False,0
t0_S_G2,0,G,2,,,False,2
t0_S_G3,0,G,3,,,False,0
t0_S_G4,0,G,4,,,False,2
t0_S_G5,0,G,5,wt,wt,False,0
t0_S_G6,0,G,6,wt,wt,False,2
t0_S_G7,0,G,7,,,False,0
t0_S_G8,0,G,8,,,False,2
t0_S_G9,0,G,9,A_r,A_r,False,0
t0_S_G10,0,G,10,A_r,A_r,False,2
t0_S_G11,0,G,11,,,False,0
t0_S_G12,0,G,12,,,False,2
t0_S_G13,0,G,13,B_r,B_r,False,0
t0_S_G14,0,G,14,B_r,B_r,False,2
t0_S_G15,0,G,15,,,False,0
t0_S_G16,0,G,16,,,False,2
t0_S_G17,0,G,17,AB_r,AB_r,False,0
t0_S_G18,0,G,18,AB_r,AB_r,False,2
t0_S_G19,0,G,19,,,False,0
t0_S_G20,0,G,20,,,False,2
t0_S_G21,0,G,21,UI,UI,False,0
t0_S_G22,0,G,22,UI,UI,False,2
t0_S_G23,0,G,23,bl,bl,False,0
t0_S_G24,0,G,24,bl,bl,False,2
t0_S_H1,0,H,1,,,False,1
t0_S_H2,0,H,2,,,False,3
t0_S_H3,0,H,3,,,False,1
t0_S_H4,0,H,4,,,False,3
t0_S_H5,0,H,5,wt,wt,False,1
t0_S_H6,0,H,6,wt,wt,False,3
t0_S_H7,0,H,7,,,False,1
t0_S_H8,0,H,8,,,False,3
t0_S_H9,0,H,9,A_r,A_r,False,1
t0_S_H10,0,H,10,A_r,A_r,False,3
t0_S_H11,0,H,11,,,False,1
t0_S_H12,0,H,12,,,False,3
t0_S_H13,0,H,13,B_r,B_r,False,1
t0_S_H14,0,H,14,B_r,B_r,False,3
t0_S_H15,0,H,15,,,False,1
t0_S_H16,0,H,16,,,False,3
t0_S_H17,0,H,17,AB_r,AB_r,False,1
t0_S_H18,0,H,18,AB_r,AB_r,False,3
t0_S_H19,0,H,19,,,False,1
t0_S_H20,0,H,20,,,False,3
t0_S_H21,0,H,21,UI,UI,False,1
t0_S_H22,0,H,22,UI,UI,False,3
t0_S_H23,0,H,23,bl,bl,False,1
t0_S_H24,0,H,24,bl,bl,False,3
t0_S_I1,0,I,1,,,False,0
t0_S_I2,0,I,2,,,False,2
t0_S_I3,0,I,3,,,False,0
t0_S_I4,0,I,4,,,False,2
t0_S_I5,0,I,5,,,False,0
t0_S_I6,0,I,6,,,False,2
t0_S_I7,0,I,7,,,False,0
t0_S_I8,0,I,8,,,False,2
t0_S_I9,0,I,9,,,False,0
t0_S_I10,0,I,10,,,False,2
t0_S_I11,0,I,11,,,False,0
t0_S_I12,0,I,12,,,False,2
t0_S_I13,0,I,13,,,False,0
t0_S_I14,0,I,14,,,False,2
t0_S_I15,0,I,15,,,False,0
t0_S_I16,0,I,16,,,False,2
t0_S_I17,0,I,17,,,False,0
t0_S_I18,0,I,18,,,False,2
t0_S_I19,0,I,19,,,False,0
t0_S_I20,0,I,20,,,False,2
t0_S_I21,0,I,21,,,False,0
t0_S_I22,0,I,22,,,False,2
t0_S_I23,0,I,23,,,False,0
t0_S_I24,0,I,24,,,False,2
t0_S_J1,0,J,1,,,False,1
t0_S_J2,0,J,2,,,False,3
t0_S_J3,0,J,3,,,False,1
t0_S_J4,0,J,4,,,False,3
t0_S_J5,0,J,5,,,False,1
t0_S_J6,0,J,6,,,False,3
t0_S_J7,0,J,7,,,False,1
t0_S_J8,0,J,8,,,False,3
t0_S_J9,0,J,9,,,False,1
t0_S_J10,0,J,10,,,False,3
t0_S_J11,0,J,11,,,False,1
t0_S_J12,0,J,12,,,False,3
t0_S_J13,0,J,13,,,False,1
t0_S_J14,0,J,14,,,False,3
t0_S_J15,0,J,15,,,False,1
t0_S_J16,0,J,16,,,False,3
t0_S_J17,0,J,17,,,False,1
t0_S_J18,0,J,18,,,False,3
t0_S_J19,0,J,19,,,False,1
t0_S_J20,0,J,20,,,False,3
t0_S_J21,0,J,21,,,False,1
t0_S_J22,0,J,22,,,False,3
t0_S_J23,0,J,23,,,False,1
t0_S_J24,0,J,24,,,False,3
t0_S_K1,0,K,1,,,False,0
t0_S_K2,0,K,2,,,False,2
t0_S_K3,0,K,3,,,False,0
t0_S_K4,0,K,4,,,False,2
t0_S_K5,0,K,5,,,False,0
t0_S_K6,0,K,6,,,False,2
t0_S_K7,0,K,7,,,False,0
t0_S_K8,0,K,8,,,False,2
t0_S_K9,0,K,9,,,False,0
t0_S_K10,0,K,10,,,False,2
t0_S_K11,0,K,11,,,False,0
t0_S_K12,0,K,12,,,False,2
t0_S_K13,0,K,13,,,False,0
t0_S_K14,0,K,14,,,False,2
t0_S_K15,0,K,15,,,False,0
t0_S_K16,0,K,16,,,False,2
t0_S_K17,0,K,17,,,False,0
t0_S_K18,0,K,18,,,False,2
t0_S_K19,0,K,19,,,False,0
t0_S_K20,0,K,20,,,False,2
t0_S_K21,0,K,21,,,False,0
t0_S_K22,0,K,22,,,False,2
t0_S_K23,0,K,23,,,False,0
t0_S_K24,0,K,24,,,False,2
t0_S_L1,0,L,1,,,False,1
t0_S_L2,0,L,2,,,False,3
t0_S_L3,0,L,3,,,False,1
t0_S_L4,0,L,4,,,False,3
t0_S_L5,0,L,5,,,False,1
t0_S_L6,0,L,6,,,False,3
t0_S_L7,0,L,7,,,False,1
t0_S_L8,0,L,8,,,False,3
t0_S_L9,0,L,9,,,False,1
t0_S_L10,0,L,10,,,False,3
t0_S_L11,0,L,11,,,False,1
t0_S_L12,0,L,12,,,False,3
t0_S_L13,0,L,13,,,False,1
t0_S_L14,0,L,14,,,False,3
t0_S_L15,0,L,15,,,False,1
t0_S_L16,0,L,16,,,False,3
t0_S_L17,0,L,17,,,False,1
t0_S_L18,0,L,18,,,False,3
t0_S_L19,0,L,19,,,False,1
t0_S_L20,0,L,20,,,False,3
t0_S_L21,0,L,21,,,False,1
t0_S_L22,0,L,22,,,False,3
t0_S_L23,0,L,23,,,False,1
t0_S_L24,0,L,24,,,False,3
t0_S_M1,0,M,1,,,False,0
t0_S_M2,0,M,2,,,False,2
t0_S_M3,0,M,3,,,False,0
t0_S_M4,0,M,4,,,False,2
t0_S_M5,0,M,5,,,False,0
t0_S_M6,0,M,6,,,False,2
t0_S_M7,0,M,7,,,False,0
t0_S_M8,0,M,8,,,False,2
t0_S_M9,0,M,9,,,False,0
t0_S_M10,0,M,10,,,False,2
t0_S_M11,0,M,11,,,False,0
t0_S_M12,0,M,12,,,False,2
t0_S_M13,0,M,13,,,False,0
t0_S_M14,0,M,14,,,False,2
t0_S_M15,0,M,15,,,False,0
t0_S_M16,0,M,16,,,False,2
t0_S_M17,0,M,17,,,False,0
t0_S_M18,0,M,18,,,False,2
t0_S_M19,0,M,19,,,False,0
t0_S_M20,0,M,20,,,False,2
t0_S_M21,0,M,21,,,False,0
t0_S_M22,0,M,22,,,False,2
t0_S_M23,0,M,23,,,False,0
t0_S_M24,0,M,24,,,False,2
t0_S_N1,0,N,1,,,False,1
t0_S_N2,0,N,2,,,False,3
t0_S_N3,0,N,3,,,False,1
t0_S_N4,0,N,4,,,False,3
t0_S_N5,0,N,5,,,False,1
t0_S_N6,0,N,6,,,False,3
t0_S_N7,0,N,7,,,False,1
t0_S_N8,0,N,8,,,False,3
t0_S_N9,0,N,9,,,False,1
t0_S_N10,0,N,10,,,False,3
t0_S_N11,0,N,11,,,False,1
t0_S_N12,0,N,12,,,False,3
t0_S_N13,0,N,13,,,False,1
t0_S_N14,0,N,14,,,False,3
t0_S_N15,0,N,15,,,False,1
t0_S_N16,0,N,16,,,False,3
t0_S_N17,0,N,17,,,False,1
t0_S_N18,0,N,18,,,False,3
t0_S_N19,0,N,19,,,False,1
t0_S_N20,0,N,20,,,False,3
t0_S_N21,0,N,21,,,False,1
t0_S_N22,0,N,22,,,False,3
t0_S_N23,0,N,23,,,False,1
t0_S_N24,0,N,24,,,False,3
t0_S_O1,0,O,1,,,False,0
t0_S_O2,0,O,2,,,False,2
t0_S_O3,0,O,3,,,False,0
t0_S_O4,0,O,4,,,False,2
t0_S_O5,0,O,5,,,False,0
t0_S_O6,0,O,6,,,False,2
t0_S_O7,0,O,7,,,False,0
t0_S_O8,0,O,8,,,False,2
t0_S_O9,0,O,9,,,False,0
t0_S_O10,0,O,10,,,False,2
t0_S_O11,0,O,11,,,False,0
t0_S_O12,0,O,12,,,False,2
t0_S_O13,0,O,13,,,False,0
t0_S_O14,0,O,14,,,False,2
t0_S_O15,0,O,15,,,False,0
t0_S_O16,0,O,16,,,False,2
t0_S_O17,0,O,17,,,False,0
t0_S_O18,0,O,18,,,False,2
t0_S_O19,0,O,19,,,False,0
t0_S_O20,0,O,20,,,False,2
t0_S_O21,0,O,21,,,False,0
t0_S_O22,0,O,22,,,False,2
t0_S_O23,0,O,23,,,False,0
t0_S_O24,0,O,24,,,False,2
t0_S_P1,0,P,1,,,False,1
t0_S_P2,0,P,2,,,False,3
t0_S_P3,0,P,3,,,False,1
t0_S_P4,0,P,4,,,False,3
t0_S_P5,0,P,5,,,False,1
t0_S_P6,0,P,6,,,False,3
t0_S_P7,0,P,7,,,False,1
t0_S_P8,0,P,8,,,False,3
t0_S_P9,0,P,9,,,False,1
t0_S_P10,0,P,10,,,False,3
t0_S_P11,0,P,11,,,False,1
t0_S_P12,0,P,12,,,False,3
t0_S_P13,0,P,13,,,False,1
t0_S_P14,0,P,14,,,False,3
t0_S_P15,0,P,15,,,False,1
t0_S_P16,0,P,16,,,False,3
t0_S_P17,0,P,17,,,False,1
t0_S_P18,0,P,18,,,False,3
t0_S_P19,0,P,19,,,False,1
t0_S_P20,0,P,20,,,False,3
t0_S_P21,0,P,21,,,False,1
t0_S_P22,0,P,22,,,False,3
t0_S_P23,0,P,23,,,False,1
t0_S_P24,0,P,24,,,False,3
t1_S_A1,1,A,1,,,False,0
t1_S_A2,1,A,2,,,False,2
t1_S_A3,1,A,3,,,False,0
t1_S_A4,1,A,4,,,False,2
t1_S_A5,1,A,5,,,False,0
t1_S_A6,1,A,6,,,False,2
t1_S_A7,1,A,7,,,False,0
t1_S_A8,1,A,8,,,False,2
t1_S_A9,1,A,9,,,False,0
t1_S_A10,1,A,10,,,False,2
t1_S_A11,1,A,11,,,False,0
t1_S_A12,1,A,12,,,False,2
t1_S_A13,1,A,13,,,False,0
t1_S_A14,1,A,14,,,False,2
t1_S_A15,1,A,15,,,False,0
t1_S_A16,1,A,16,,,False,2
t1_S_A17,1,A,17,,,False,0
t1_S_A18,1,A,18,,,False,2
t1_S_A19,1,A,19,,,False,0
t1_S_A20,1,A,20,,,False,2
t1_S_A21,1,A,21,,,False,0
t1_S_A22,1,A,22,,,False,2
t1_S_A23,1,A,23,,,False,0
t1_S_A24,1,A,24,,,False,2
t1_S_B1,1,B,1,,,False,1
t1_S_B2,1,B,2,,,False,3
t1_S_B3,1,B,3,,,False,1
t1_S_B4,1,B,4,,,False,3
t1_S_B5,1,B,5,,,False,1
t1_S_B6,1,B,6,,,False,3
t1_S_B7,1,B,7,,,False,1
t1_S_B8,1,B,8,,,False,3
t1_S_B9,1,B,9,,,False,1
t1_S_B10,1,B,10,,,False,3
t1_S_B11,1,B,11,,,False,1
t1_S_B12,1,B,12,,,False,3
t1_S_B13,1,B,13,,,False,1
t1_S_B14,1,B,14,,,False,3
t1_S_B15,1,B,15,,,False,1
t1_S_B16,1,B,16,,,False,3
t1_S_B17,1,B,17,,,False,1
t1_S_B18,1,B,18,,,False,3
t1_S_B19,1,B,19,,,False,1
t1_S_B20,1,B,20,,,False,3
t1_S_B21,1,B,21,,,False,1
t1_S_B22,1,B,22,,,False,3
t1_S_B23,1,B,23,,,False,1
t1_S_B24,1,B,24,,,False,3
t1_S_C1,1,C,1,,,False,0
t1_S_C2,1,C,2,,,False,2
t1_S_C3,1,C,3,,,False,0
t1_S_C4,1,C,4,,,False,2
t1_S_C5,1,C,5,,,False,0
t1_S_C6,1,C,6,,,False,2
t1_S_C7,1,C,7,,,False,0
t1_S_C8,1,C,8,,,False,2
t1_S_C9,1,C,9,,,False,0
t1_S_C10,1,C,10,,,False,2
t1_S_C11,1,C,11,,,False,0
t1_S_C12,1,C,12,,,False,2
t1_S_C13,1,C,13,,,False,0
t1_S_C14,1,C,14,,,False,2
t1_S_C15,1,C,15,,,False,0
t1_S_C16,1,C,16,,,False,2
t1_S_C17,1,C,17,,,False,0
t1_S_C18,1,C,18,,,False,2
t1_S_C19,1,C,19,,,False,0
t1_S_C20,1,C,20,,,False,2
t1_S_C21,1,C,21,,,False,0
t1_S_C22,1,C,22,,,False,2
t1_S_C23,1,C,23,,,False,0
t1_S_C24,1,C,24,,,False,2
t1_S_D1,1,D,1,,,False,1
t1_S_D2,1,D,2,,,False,3
t1_S_D3,1,D,3,,,False,1
t1_S_D4,1,D,4,,,False,3
t1_S_D5,1,D,5,,,False,1
t1_S_D6,1,D,6,,,False,3
t1_S_D7,1,D,7,,,False,1
t1_S_D8,1,D,8,,,False,3
t1_S_D9,1,D,9,,,False,1
t1_S_D10,1,D,10,,,False,3
t1_S_D11,1,D,11,,,False,1
t1_S_D12,1,D,12,,,False,3
t1_S_D13,1,D,13,,,False,1
t1_S_D14,1,D,14,,,False,3
t1_S_D15,1,D,15,,,False,1
t1_S_D16,1,D,16,,,False,3
t1_S_D17,1,D,17,,,False,1
t1_S_D18,1,D,18,,,False,3
t1_S_D19,1,D,19,,,False,1
t1_S_D20,1,D,20,,,False,3
t1_S_D21,1,D,21,,,False,1
t1_S_D22,1,D,22,,,False,3
t1_S_D23,1,D,23,,,False,1
t1_S_D24,1,D,24,,,False,3
t1_S_E1,1,E,1,,,False,0
t1_S_E2,1,E,2,,,False,2
t1_S_E3,1,E,3,,,False,0
t1_S_E4,1,E,4,,,False,2
t1_S_E5,1,E,5,,,False,0
t1_S_E6,1,E,6,,,False,2
t1_S_E7,1,E,7,,,False,0
t1_S_E8,1,E,8,,,False,2
t1_S_E9,1,E,9,,,False,0
t1_S_E10,1,E,10,,,False,2
t1_S_E11,1,E,11,,,False,0
t1_S_E12,1,E,12,,,False,2
t1_S_E13,1,E,13,,,False,0
t1_S_E14,1,E,14,,,False,2
t1_S_E15,1,E,15,,,False,0
t1_S_E16,1,E,16,,,False,2
t1_S_E17,1,E,17,,,False,0
t1_S_E18,1,E,18,,,False,2
t1_S_E19,1,E,19,,,False,0
t1_S_E20,1,E,20,,,False,2
t1_S_E21,1,E,21,,,False,0
t1_S_E22,1,E,22,,,False,2
t1_S_E23,1,E,23,,,False,0
t1_S_E24,1,E,24,,,False,2
t1_S_F1,1,F,1,,,False,1
t1_S_F2,1,F,2,,,False,3
t1_S_F3,1,F,3,,,False,1
t1_S_F4,1,F,4,,,False,3
t1_S_F5,1,F,5,,,False,1
t1_S_F6,1,F,6,,,False,3
t1_S_F7,1,F,7,,,False,1
t1_S_F8,1,F,8,,,False,3
t1_S_F9,1,F,9,,,False,1
t1_S_F10,1,F,10,,,False,3
t1_S_F11,1,F,11,,,False,1
t1_S_F12,1,F,12,,,False,3
t1_S_F13,1,F,13,,,False,1
t1_S_F14,1,F,14,,,False,3
t1_S_F15,1,F,15,,,False,1
t1_S_F16,1,F,16,,,False,3
t1_S_F17,1,F,17,,,False,1
t1_S_F18,1,F,18,,,False,3
t1_S_F19,1,F,19,,,False,1
t1_S_F20,1,F,20,,,False,3
t1_S_F21,1,F,21,,,False,1
t1_S_F22,1,F,22,,,False,3
t1_S_F23,1,F,23,,,False,1
t1_S_F24,1,F,24,,,False,3
t1_S_G1,1,G,1,,,False,0
t1_S_G2,1,G,2,,,False,2
t1_S_G3,1,G,3,,,False,0
t1_S_G4,1,G,4,,,False,2
t1_S_G5,1,G,5,wt,wt,False,0
t1_S_G6,1,G,6,wt,wt,False,2
t1_S_G7,1,G,7,,,False,0
t1_S_G8,1,G,8,,,False,2
t1_S_G9,1,G,9,A_r,A_r,False,0
t1_S_G10,1,G,10,A_r,A_r,False,2
t1_S_G11,1,G,11,,,False,0
t1_S_G12,1,G,12,,,False,2
t1_S_G13,1,G,13,B_r,B_r,False,0
t1_S_G14,1,G,14,B_r,B_r,False,2
t1_S_G15,1,G,15,,,False,0
t1_S_G16,1,G,16,,,False,2
t1_S_G17,1,G,17,AB_r,AB_r,False,0
t1_S_G18,1,G,18,AB_r,AB_r,False,2
t1_S_G19,1,G,19,,,False,0
t1_S_G20,1,G,20,,,False,2
t1_S_G21,1,G,21,UI,UI,False,0
t1_S_G22,1,G,22,UI,UI,False,2
t1_S_G23,1,G,23,bl,bl,False,0
t1_S_G24,1,G,24,bl,bl,False,2
t1_S_H1,1,H,1,,,False,1
t1_S_H2,1,H,2,,,False,3
t1_S_H3,1,H,3,,,False,1
t1_S_H4,1,H,4,,,False,3
t1_S_H5,1,H,5,wt,wt,False,1
t1_S_H6,1,H,6,wt,wt,False,3
t1_S_H7,1,H,7,,,False,1
t1_S_H8,1,H,8,,,False,3
t1_S_H9,1,H,9,A_r,A_r,False,1
t1_S_H10,1,H,10,A_r,A_r,False,3
t1_S_H11,1,H,11,,,False,1
t1_S_H12,1,H,12,,,False,3
t1_S_H13,1,H,13,B_r,B_r,False,1
t1_S_H14,1,H,14,B_r,B_r,False,3
t1_S_H15,1,H,15,,,False,1
t1_S_H16,1,H,16,,,False,3
t1_S_H17,1,H,17,AB_r,AB_r,False,1
t1_S_H18,1,H,18,AB_r,AB_r,False,3
t1_S_H19,1,H,19,,,False,1
t1_S_H20,1,H,20,,,False,3
t1_S_H21,1,H,21,UI,UI,False,1
t1_S_H22,1,H,22,UI,UI,False,3
t1_S_H23,1,H,23,bl,bl,False,1
t1_S_H24,1,H,24,bl,bl,False,3
t1_S_I1,1,I,1,,,False,0
t1_S_I2,1,I,2,,,False,2
t1_S_I3,1,I,3,,,False,0
t1_S_I4,1,I,4,,,False,2
t1_S_I5,1,I,5,,,False,0
t1_S_I6,1,I,6,,,False,2
t1_S_I7,1,I,7,,,False,0
t1_S_I8,1,I,8,,,False,2
t1_S_I9,1,I,9,,,False,0
t1_S_I10,1,I,10,,,False,2
t1_S_I11,1,I,11,,,False,0
t1_S_I12,1,I,12,,,False,2
t1_S_I13,1,I,13,,,False,0
t1_S_I14,1,I,14,,,False,2
t1_S_I15,1,I,15,,,False,0
t1_S_I16,1,I,16,,,False,2
t1_S_I17,1,I,17,,,False,0
t1_S_I18,1,I,18,,,False,2
t1_S_I19,1,I,19,,,False,0
t1_S_I20,1,I,20,,,False,2
t1_S_I21,1,I,21,,,False,0
t1_S_I22,1,I,22,,,False,2
t1_S_I23,1,I,23,,,False,0
t1_S_I24,1,I,24,,,False,2
t1_S_J1,1,J,1,,,False,1
t1_S_J2,1,J,2,,,False,3
t1_S_J3,1,J,3,,,False,1
t1_S_J4,1,J,4,,,False,3
t1_S_J5,1,J,5,,,False,1
t1_S_J6,1,J,6,,,False,3
t1_S_J7,1,J,7,,,False,1
t1_S_J8,1,J,8,,,False,3
t1_S_J9,1,J,9,,,False,1
t1_S_J10,1,J,10,,,False,3
t1_S_J11,1,J,11,,,False,1
t1_S_J12,1,J,12,,,False,3
t1_S_J13,1,J,13,,,False,1
t1_S_J14,1,J,14,,,False,3
t1_S_J15,1,J,15,,,False,1
t1_S_J16,1,J,16,,,False,3
t1_S_J17,1,J,17,,,False,1
t1_S_J18,1,J,18,,,False,3
t1_S_J19,1,J,19,,,False,1
t1_S_J20,1,J,20,,,False,3
t1_S_J21,1,J,21,,,False,1
t1_S_J22,1,J,22,,,False,3
t1_S_J23,1,J,23,,,False,1
t1_S_J24,1,J,24,,,False,3
t1_S_K1,1,K,1,,,False,0
t1_S_K2,1,K,2,,,False,2
t1_S_K3,1,K,3,,,False,0
t1_S_K4,1,K,4,,,False,2
t1_S_K5,1,K,5,,,False,0
t1_S_K6,1,K,6,,,False,2
t1_S_K7,1,K,7,,,False,0
t1_S_K8,1,K,8,,,False,2
t1_S_K9,1,K,9,,,False,0
t1_S_K10,1,K,10,,,False,2
t1_S_K11,1,K,11,,,False,0
t1_S_K12,1,K,12,,,False,2
t1_S_K13,1,K,13,,,False,0
t1_S_K14,1,K,14,,,False,2
t1_S_K15,1,K,15,,,False,0
t1_S_K16,1,K,16,,,False,2
t1_S_K17,1,K,17,,,False,0
t1_S_K18,1,K,18,,,False,2
t1_S_K19,1,K,19,,,False,0
t1_S_K20,1,K,20,,,False,2
t1_S_K21,1,K,21,,,False,0
t1_S_K22,1,K,22,,,False,2
t1_S_K23,1,K,23,,,False,0
t1_S_K24,1,K,24,,,False,2
t1_S_L1,1,L,1,,,False,1
t1_S_L2,1,L,2,,,False,3
t1_S_L3,1,L,3,,,False,1
t1_S_L4,1,L,4,,,False,3
t1_S_L5,1,L,5,,,False,1
t1_S_L6,1,L,6,,,False,3
t1_S_L7,1,L,7,,,False,1
t1_S_L8,1,L,8,,,False,3
t1_S_L9,1,L,9,,,False,1
t1_S_L10,1,L,10,,,False,3
t1_S_L11,1,L,11,,,False,1
t1_S_L12,1,L,12,,,False,3
t1_S_L13,1,L,13,,,False,1
t1_S_L14,1,L,14,,,False,3
t1_S_L15,1,L,15,,,False,1
t1_S_L16,1,L,16,,,False,3
t1_S_L17,1,L,17,,,False,1
t1_S_L18,1,L,18,,,False,3
t1_S_L19,1,L,19,,,False,1
t1_S_L20,1,L,20,,,False,3
t1_S_L21,1,L,21,,,False,1
t1_S_L22,1,L,22,,,False,3
t1_S_L23,1,L,23,,,False,1
t1_S_L24,1,L,24,,,False,3
t1_S_M1,1,M,1,,,False,0
t1_S_M2,1,M,2,,,False,2
t1_S_M3,1,M,3,,,False,0
t1_S_M4,1,M,4,,,False,2
t1_S_M5,1,M,5,,,False,0
t1_S_M6,1,M,6,,,False,2
t1_S_M7,1,M,7,,,False,0
t1_S_M8,1,M,8,,,False,2
t1_S_M9,1,M,9,,,False,0
t1_S_M10,1,M,10,,,False,2
t1_S_M11,1,M,11,,,False,0
t1_S_M12,1,M,12,,,False,2
t1_S_M13,1,M,13,,,False,0
t1_S_M14,1,M,14,,,False,2
t1_S_M15,1,M,15,,,False,0
t1_S_M16,1,M,16,,,False,2
t1_S_M17,1,M,17,,,False,0
t1_S_M18,1,M,18,,,False,2
t1_S_M19,1,M,19,,,False,0
t1_S_M20,1,M,20,,,False,2
t1_S_M21,1,M,21,,,False,0
t1_S_M22,1,M,22,,,False,2
t1_S_M23,1,M,23,,,False,0
t1_S_M24,1,M,24,,,False,2
t1_S_N1,1,N,1,,,False,1
t1_S_N2,1,N,2,,,False,3
t1_S_N3,1,N,3,,,False,1
t1_S_N4,1,N,4,,,False,3
t1_S_N5,1,N,5,,,False,1
t1_S_N6,1,N,6,,,False,3
t1_S_N7,1,N,7,,,False,1
t1_S_N8,1,N,8,,,False,3
t1_S_N9,1,N,9,,,False,1
t1_S_N10,1,N,10,,,False,3
t1_S_N11,1,N,11,,,False,1
t1_S_N12,1,N,12,,,False,3
t1_S_N13,1,N,13,,,False,1
t1_S_N14,1,N,14,,,False,3
t1_S_N15,1,N,15,,,False,1
t1_S_N16,1,N,16,,,False,3
t1_S_N17,1,N,17,,,False,1
t1_S_N18,1,N,18,,,False,3
t1_S_N19,1,N,19,,,False,1
t1_S_N20,1,N,20,,,False,3
t1_S_N21,1,N,21,,,False,1
t1_S_N22,1,N,22,,,False,3
t1_S_N23,1,N,23,,,False,1
t1_S_N24,1,N,24,,,False,3
t1_S_O1,1,O,1,,,False,0
t1_S_O2,1,O,2,,,False,2
t1_S_O3,1,O,3,,,False,0
t1_S_O4,1,O,4,,,False,2
t1_S_O5,1,O,5,,,False,0
t1_S_O6,1,O,6,,,False,2
t1_S_O7,1,O,7,,,False,0
t1_S_O8,1,O,8,,,False,2
t1_S_O9,1,O,9,,,False,0
t1_S_O10,1,O,10,,,False,2
t1_S_O11,1,O,11,,,False,0
t1_S_O12,1,O,12,,,False,2
t1_S_O13,1,O,13,,,False,0
t1_S_O14,1,O,14,,,False,2
t1_S_O15,1,O,15,,,False,0
t1_S_O16,1,O,16,,,False,2
t1_S_O17,1,O,17,,,False,0
t1_S_O18,1,O,18,,,False,2
t1_S_O19,1,O,19,,,False,0
t1_S_O20,1,O,20,,,False,2
t1_S_O21,1,O,21,,,False,0
t1_S_O22,1,O,22,,,False,2
t1_S_O23,1,O,23,,,False,0
t1_S_O24,1,O,24,,,False,2
t1_S_P1,1,P,1,,,False,1
t1_S_P2,1,P,2,,,False,3
t1_S_P3,1,P,3,,,False,1
t1_S_P4,1,P,4,,,False,3
t1_S_P5,1,P,5,,,False,1
t1_S_P6,1,P,6,,,False,3
t1_S_P7,1,P,7,,,False,1
t1_S_P8,1,P,8,,,False,3
t1_S_P9,1,P,9,,,False,1
t1_S_P10,1,P,10,,,False,3
t1_S_P11,1,P,11,,,False,1
t1_S_P12,1,P,12,,,False,3
t1_S_P13,1,P,13,,,False,1
t1_S_P14,1,P,14,,,False,3
t1_S_P15,1,P,15,,,False,1
t1_S_P16,1,P,16,,,False,3
t1_S_P17,1,P,17,,,False,1
t1_S_P18,1,P,18,,,False,3
t1_S_P19,1,P,19,,,False,1
t1_S_P20,1,P,20,,,False,3
t1_S_P21,1,P,21,,,False,1
t1_S_P22,1,P,22,,,False,3
t1_S_P23,1,P,23,,,False,1
t1_S_P24,1,P,24,,,False,3
t2_S_A1,2,A,1,,,False,0
t2_S_A2,2,A,2,,,False,2
t2_S_A3,2,A,3,,,False,0
t2_S_A4,2,A,4,,,False,2
t2_S_A5,2,A,5,,,False,0
t2_S_A6,2,A,6,,,False,2
t2_S_A7,2,A,7,,,False,0
t2_S_A8,2,A,8,,,False,2
t2_S_A9,2,A,9,,,False,0
t2_S_A10,2,A,10,,,False,2
t2_S_A11,2,A,11,,,False,0
t2_S_A12,2,A,12,,,False,2
t2_S_A13,2,A,13,,,False,0
t2_S_A14,2,A,14,,,False,2
t2_S_A15,2,A,15,,,False,0
t2_S_A16,2,A,16,,,False,2
t2_S_A17,2,A,17,,,False,0
t2_S_A18,2,A,18,,,False,2
t2_S_A19,2,A,19,,,False,0
t2_S_A20,2,A,20,,,False,2
t2_S_A21,2,A,21,,,False,0
t2_S_A22,2,A,22,,,False,2
t2_S_A23,2,A,23,,,False,0
t2_S_A24,2,A,24,,,False,2
t2_S_B1,2,B,1,,,False,1
t2_S_B2,2,B,2,,,False,3
t2_S_B3,2,B,3,,,False,1
t2_S_B4,2,B,4,,,False,3
t2_S_B5,2,B,5,,,False,1
t2_S_B6,2,B,6,,,False,3
t2_S_B7,2,B,7,,,False,1
t2_S_B8,2,B,8,,,False,3
t2_S_B9,2,B,9,,,False,1
t2_S_B10,2,B,10,,,False,3
t2_S_B11,2,B,11,,,False,1
t2_S_B12,2,B,12,,,False,3
t2_S_B13,2,B,13,,,False,1
t2_S_B14,2,B,14,,,False,3
t2_S_B15,2,B,15,,,False,1
t2_S_B16,2,B,16,,,False,3
t2_S_B17,2,B,17,,,False,1
t2_S_B18,2,B,18,,,False,3
t2_S_B19,2,B,19,,,False,1
t2_S_B20,2,B,20,,,False,3
t2_S_B21,2,B,21,,,False,1
t2_S_B22,2,B,22,,,False,3
t2_S_B23,2,B,23,,,False,1
t2_S_B24,2,B,24,,,False,3
t2_S_C1,2,C,1,,,False,0
t2_S_C2,2,C,2,,,False,2
t2_S_C3,2,C,3,,,False,0
t2_S_C4,2,C,4,,,False,2
t2_S_C5,2,C,5,,,False,0
t2_S_C6,2,C,6,,,False,2
t2_S_C7,2,C,7,,,False,0
t2_S_C8,2,C,8,,,False,2
t2_S_C9,2,C,9,,,False,0
t2_S_C10,2,C,10,,,False,2
t2_S_C11,2,C,11,,,False,0
t2_S_C12,2,C,12,,,False,2
t2_S_C13,2,C,13,,,False,0
t2_S_C14,2,C,14,,,False,2
t2_S_C15,2,C,15,,,False,0
t2_S_C16,2,C,16,,,False,2
t2_S_C17,2,C,17,,,False,0
t2_S_C18,2,C,18,,,False,2
t2_S_C19,2,C,19,,,False,0
t2_S_C20,2,C,20,,,False,2
t2_S_C21,2,C,21,,,False,0
t2_S_C22,2,C,22,,,False,2
t2_S_C23,2,C,23,,,False,0
t2_S_C24,2,C,24,,,False,2
t2_S_D1,2,D,1,,,False,1
t2_S_D2,2,D,2,,,False,3
t2_S_D3,2,D,3,,,False,1
t2_S_D4,2,D,4,,,False,3
t2_S_D5,2,D,5,,,False,1
t2_S_D6,2,D,6,,,False,3
t2_S_D7,2,D,7,,,False,1
t2_S_D8,2,D,8,,,False,3
t2_S_D9,2,D,9,,,False,1
t2_S_D10,2,D,10,,,False,3
t2_S_D11,2,D,11,,,False,1
t2_S_D12,2,D,12,,,False,3
t2_S_D13,2,D,13,,,False,1
t2_S_D14,2,D,14,,,False,3
t2_S_D15,2,D,15,,,False,1
t2_S_D16,2,D,16,,,False,3
t2_S_D17,2,D,17,,,False,1
t2_S_D18,2,D,18,,,False,3
t2_S_D19,2,D,19,,,False,1
t2_S_D20,2,D,20,,,False,3
t2_S_D21,2,D,21,,,False,1
t2_S_D22,2,D,22,,,False,3
t2_S_D23,2,D,23,,,False,1
t2_S_D24,2,D,24,,,False,3
t2_S_E1,2,E,1,,,False,0
t2_S_E2,2,E,2,,,False,2
t2_S_E3,2,E,3,,,False,0
t2_S_E4,2,E,4,,,False,2
t2_S_E5,2,E,5,,,False,0
t2_S_E6,2,E,6,,,False,2
t2_S_E7,2,E,7,,,False,0
t2_S_E8,2,E,8,,,False,2
t2_S_E9,2,E,9,,,False,0
t2_S_E10,2,E,10,,,False,2
t2_S_E11,2,E,11,,,False,0
t2_S_E12,2,E,12,,,False,2
t2_S_E13,2,E,13,,,False,0
t2_S_E14,2,E,14,,,False,2
t2_S_E15,2,E,15,,,False,0
t2_S_E16,2,E,16,,,False,2
t2_S_E17,2,E,17,,,False,0
t2_S_E18,2,E,18,,,False,2
t2_S_E19,2,E,19,,,False,0
t2_S_E20,2,E,20,,,False,2
t2_S_E21,2,E,21,,,False,0
t2_S_E22,2,E,22,,,False,2
t2_S_E23,2,E,23,,,False,0
t2_S_E24,2,E,24,,,False,2
t2_S_F1,2,F,1,,,False,1
t2_S_F2,2,F,2,,,False,3
t2_S_F3,2,F,3,,,False,1
t2_S_F4,2,F,4,,,False,3
t2_S_F5,2,F,5,,,False,1
t2_S_F6,2,F,6,,,False,3
t2_S_F7,2,F,7,,,False,1
t2_S_F8,2,F,8,,,False,3
t2_S_F9,2,F,9,,,False,1
t2_S_F10,2,F,10,,,False,3
t2_S_F11,2,F,11,,,False,1
t2_S_F12,2,F,12,,,False,3
t2_S_F13,2,F,13,,,False,1
t2_S_F14,2,F,14,,,False,3
t2_S_F15,2,F,15,,,False,1
t2_S_F16,2,F,16,,,False,3
t2_S_F17,2,F,17,,,False,1
t2_S_F18,2,F,18,,,False,3
t2_S_F19,2,F,19,,,False,1
t2_S_F20,2,F,20,,,False,3
t2_S_F21,2,F,21,,,False,1
t2_S_F22,2,F,22,,,False,3
t2_S_F23,2,F,23,,,False,1
t2_S_F24,2,F,24,,,False,3
t2_S_G1,2,G,1,,,False,0
t2_S_G2,2,G,2,,,False,2
t2_S_G3,2,G,3,,,False,0
t2_S_G4,2,G,4,,,False,2
t2_S_G5,2,G,5,wt,wt,False,0
t2_S_G6,2,G,6,wt,wt,False,2
t2_S_G7,2,G,7,,,False,0
t2_S_G8,2,G,8,,,False,2
t2_S_G9,2,G,9,A_r,A_r,False,0
t2_S_G10,2,G,10,A_r,A_r,False,2
t2_S_G11,2,G,11,,,False,0
t2_S_G12,2,G,12,,,False,2
t2_S_G13,2,G,13,B_r,B_r,False,0
t2_S_G14,2,G,14,B_r,B_r,False,2
t2_S_G15,2,G,15,,,False,0
t2_S_G16,2,G,16,,,False,2
t2_S_G17,2,G,17,AB_r,AB_r,False,0
t2_S_G18,2,G,18,AB_r,AB_r,False,2
t2_S_G19,2,G,19,,,False,0
t2_S_G20,2,G,20,,,False,2
t2_S_G21,2,G,21,UI,UI,False,0
t2_S_G22,2,G,22,UI,UI,False,2
t2_S_G23,2,G,23,bl,bl,False,0
t2_S_G24,2,G,24,bl,bl,False,2
t2_S_H1,2,H,1,,,False,1
t2_S_H2,2,H,2,,,False,3
t2_S_H3,2,H,3,,,False,1
t2_S_H4,2,H,4,,,False,3
t2_S_H5,2,H,5,wt,wt,False,1
t2_S_H6,2,H,6,wt,wt,False,3
t2_S_H7,2,H,7,,,False,1
t2_S_H8,2,H,8,,,False,3
t2_S_H9,2,H,9,A_r,A_r,False,1
t2_S_H10,2,H,10,A_r,A_r,False,3
t2_S_H11,2,H,11,,,False,1
t2_S_H12,2,H,12,,,False,3
t2_S_H13,2,H,13,B_r,B_r,False,1
t2_S_H14,2,H,14,B_r,B_r,False,3
t2_S_H15,2,H,15,,,False,1
t2_S_H16,2,H,16,,,False,3
t2_S_H17,2,H,17,AB_r,AB_r,False,1
t2_S_H18,2,H,18,AB_r,AB_r,False,3
t2_S_H19,2,H,19,,,False,1
t2_S_H20,2,H,20,,,False,3
t2_S_H21,2,H,21,UI,UI,False,1
t2_S_H22,2,H,22,UI,UI,False,3
t2_S_H23,2,H,23,bl,bl,False,1
t2_S_H24,2,H,24,bl,bl,False,3
t2_S_I1,2,I,1,,,False,0
t2_S_I2,2,I,2,,,False,2
t2_S_I3,2,I,3,,,False,0
t2_S_I4,2,I,4,,,False,2
t2_S_I5,2,I,5,,,False,0
t2_S_I6,2,I,6,,,False,2
t2_S_I7,2,I,7,,,False,0
t2_S_I8,2,I,8,,,False,2
t2_S_I9,2,I,9,,,False,0
t2_S_I10,2,I,10,,,False,2
t2_S_I11,2,I,11,,,False,0
t2_S_I12,2,I,12,,,False,2
t2_S_I13,2,I,13,,,False,0
t2_S_I14,2,I,14,,,False,2
t2_S_I15,2,I,15,,,False,0
t2_S_I16,2,I,16,,,False,2
t2_S_I17,2,I,17,,,False,0
t2_S_I18,2,I,18,,,False,2
t2_S_I19,2,I,19,,,False,0
t2_S_I20,2,I,20,,,False,2
t2_S_I21,2,I,21,,,False,0
t2_S_I22,2,I,22,,,False,2
t2_S_I23,2,I,23,,,False,0
t2_S_I24,2,I,24,,,False,2
t2_S_J1,2,J,1,,,False,1
t2_S_J2,2,J,2,,,False,3
t2_S_J3,2,J,3,,,False,1
t2_S_J4,2,J,4,,,False,3
t2_S_J5,2,J,5,,,False,1
t2_S_J6,2,J,6,,,False,3
t2_S_J7,2,J,7,,,False,1
t2_S_J8,2,J,8,,,False,3
t2_S_J9,2,J,9,,,False,1
t2_S_J10,2,J,10,,,False,3
t2_S_J11,2,J,11,,,False,1
t2_S_J12,2,J,12,,,False,3
t2_S_J13,2,J,13,,,False,1
t2_S_J14,2,J,14,,,False,3
t2_S_J15,2,J,15,,,False,1
t2_S_J16,2,J,16,,,False,3
t2_S_J17,2,J,17,,,False,1
t2_S_J18,2,J,18,,,False,3
t2_S_J19,2,J,19,,,False,1
t2_S_J20,2,J,20,,,False,3
t2_S_J21,2,J,21,,,False,1
t2_S_J22,2,J,22,,,False,3
t2_S_J23,2,J,23,,,False,1
t2_S_J24,2,J,24,,,False,3
t2_S_K1,2,K,1,,,False,0
t2_S_K2,2,K,2,,,False,2
t2_S_K3,2,K,3,,,False,0
t2_S_K4,2,K,4,,,False,2
t2_S_K5,2,K,5,,,False,0
t2_S_K6,2,K,6,,,False,2
t2_S_K7,2,K,7,,,False,0
t2_S_K8,2,K,8,,,False,2
t2_S_K9,2,K,9,,,False,0
t2_S_K10,2,K,10,,,False,2
t2_S_K11,2,K,11,,,False,0
t2_S_K12,2,K,12,,,False,2
t2_S_K13,2,K,13,,,False,0
t2_S_K14,2,K,14,,,False,2
t2_S_K15,2,K,15,,,False,0
t2_S_K16,2,K,16,,,False,2
t2_S_K17,2,K,17,,,False,0
t2_S_K18,2,K,18,,,False,2
t2_S_K19,2,K,19,,,False,0
t2_S_K20,2,K,20,,,False,2
t2_S_K21,2,K,21,,,False,0
t2_S_K22,2,K,22,,,False,2
t2_S_K23,2,K,23,,,False,0
t2_S_K24,2,K,24,,,False,2
t2_S_L1,2,L,1,,,False,1
t2_S_L2,2,L,2,,,False,3
t2_S_L3,2,L,3,,,False,1
t2_S_L4,2,L,4,,,False,3
t2_S_L5,2,L,5,,,False,1
t2_S_L6,2,L,6,,,False,3
t2_S_L7,2,L,7,,,False,1
t2_S_L8,2,L,8,,,False,3
t2_S_L9,2,L,9,,,False,1
t2_S_L10,2,L,10,,,False,3
t2_S_L11,2,L,11,,,False,1
t2_S_L12,2,L,12,,,False,3
t2_S_L13,2,L,13,,,False,1
t2_S_L14,2,L,14,,,False,3
t2_S_L15,2,L,15,,,False,1
t2_S_L16,2,L,16,,,False,3
t2_S_L17,2,L,17,,,False,1
t2_S_L18,2,L,18,,,False,3
t2_S_L19,2,L,19,,,False,1
t2_S_L20,2,L,20,,,False,3
t2_S_L21,2,L,21,,,False,1
t2_S_L22,2,L,22,,,False,3
t2_S_L23,2,L,23,,,False,1
t2_S_L24,2,L,24,,,False,3
t2_S_M1,2,M,1,,,False,0
t2_S_M2,2,M,2,,,False,2
t2_S_M3,2,M,3,,,False,0
t2_S_M4,2,M,4,,,False,2
t2_S_M5,2,M,5,,,False,0
t2_S_M6,2,M,6,,,False,2
t2_S_M7,2,M,7,,,False,0
t2_S_M8,2,M,8,,,False,2
t2_S_M9,2,M,9,,,False,0
t2_S_M10,2,M,10,,,False,2
t2_S_M11,2,M,11,,,False,0
t2_S_M12,2,M,12,,,False,2
t2_S_M13,2,M,13,,,False,0
t2_S_M14,2,M,14,,,False,2
t2_S_M15,2,M,15,,,False,0
t2_S_M16,2,M,16,,,False,2
t2_S_M17,2,M,17,,,False,0
t2_S_M18,2,M,18,,,False,2
t2_S_M19,2,M,19,,,False,0
t2_S_M20,2,M,20,,,False,2
t2_S_M21,2,M,21,,,False,0
t2_S_M22,2,M,22,,,False,2
t2_S_M23,2,M,23,,,False,0
t2_S_M24,2,M,24,,,False,2
t2_S_N1,2,N,1,,,False,1
t2_S_N2,2,N,2,,,False,3
t2_S_N3,2,N,3,,,False,1
t2_S_N4,2,N,4,,,False,3
t2_S_N5,2,N,5,,,False,1
t2_S_N6,2,N,6,,,False,3
t2_S_N7,2,N,7,,,False,1
t2_S_N8,2,N,8,,,False,3
t2_S_N9,2,N,9,,,False,1
t2_S_N10,2,N,10,,,False,3
t2_S_N11,2,N,11,,,False,1
t2_S_N12,2,N,12,,,False,3
t2_S_N13,2,N,13,,,False,1
t2_S_N14,2,N,14,,,False,3
t2_S_N15,2,N,15,,,False,1
t2_S_N16,2,N,16,,,False,3
t2_S_N17,2,N,17,,,False,1
t2_S_N18,2,N,18,,,False,3
t2_S_N19,2,N,19,,,False,1
t2_S_N20,2,N,20,,,False,3
t2_S_N21,2,N,21,,,False,1
t2_S_N22,2,N,22,,,False,3
t2_S_N23,2,N,23,,,False,1
t2_S_N24,2,N,24,,,False,3
t2_S_O1,2,O,1,,,False,0
t2_S_O2,2,O,2,,,False,2
t2_S_O3,2,O,3,,,False,0
t2_S_O4,2,O,4,,,False,2
t2_S_O5,2,O,5,,,False,0
t2_S_O6,2,O,6,,,False,2
t2_S_O7,2,O,7,,,False,0
t2_S_O8,2,O,8,,,False,2
t2_S_O9,2,O,9,,,False,0
t2_S_O10,2,O,10,,,False,2
t2_S_O11,2,O,11,,,False,0
t2_S_O12,2,O,12,,,False,2
t2_S_O13,2,O,13,,,False,0
t2_S_O14,2,O,14,,,False,2
t2_S_O15,2,O,15,,,False,0
t2_S_O16,2,O,16,,,False,2
t2_S_O17,2,O,17,,,False,0
t2_S_O18,2,O,18,,,False,2
t2_S_O19,2,O,19,,,False,0
t2_S_O20,2,O,20,,,False,2
t2_S_O21,2,O,21,,,False,0
t2_S_O22,2,O,22,,,False,2
t2_S_O23,2,O,23,,,False,0
t2_S_O24,2,O,24,,,False,2
t2_S_P1,2,P,1,,,False,1
t2_S_P2,2,P,2,,,False,3
t2_S_P3,2,P,3,,,False,1
t2_S_P4,2,P,4,,,False,3
t2_S_P5,2,P,5,,,False,1
t2_S_P6,2,P,6,,,False,3
t2_S_P7,2,P,7,,,False,1
t2_S_P8,2,P,8,,,False,3
t2_S_P9,2,P,9,,,False,1
t2_S_P10,2,P,10,,,False,3
t2_S_P11,2,P,11,,,False,1
t2_S_P12,2,P,12,,,False,3
t2_S_P13,2,P,13,,,False,1
t2_S_P14,2,P,14,,,False,3
t2_S_P15,2,P,15,,,False,1
t2_S_P16,2,P,16,,,False,3
t2_S_P17,2,P,17,,,False,1
t2_S_P18,2,P,18,,,False,3
t2_S_P19,2,P,19,,,False,1
t2_S_P20,2,P,20,,,False,3
t2_S_P21,2,P,21,,,False,1
t2_S_P22,2,P,22,,,False,3
t2_S_P23,2,P,23,,,False,1
t2_S_P24,2,P,24,,,False,3
t3_S_A1,3,A,1,,,False,0
t3_S_A2,3,A,2,,,False,2
t3_S_A3,3,A,3,,,False,0
t3_S_A4,3,A,4,,,False,2
t3_S_A5,3,A,5,,,False,0
t3_S_A6,3,A,6,,,False,2
t3_S_A7,3,A,7,,,False,0
t3_S_A8,3,A,8,,,False,2
t3_S_A9,3,A,9,,,False,0
t3_S_A10,3,A,10,,,False,2
t3_S_A11,3,A,11,,,False,0
t3_S_A12,3,A,12,,,False,2
t3_S_A13,3,A,13,,,False,0
t3_S_A14,3,A,14,,,False,2
t3_S_A15,3,A,15,,,False,0
t3_S_A16,3,A,16,,,False,2
t3_S_A17,3,A,17,,,False,0
t3_S_A18,3,A,18,,,False,2
t3_S_A19,3,A,19,,,False,0
t3_S_A20,3,A,20,,,False,2
t3_S_A21,3,A,21,,,False,0
t3_S_A22,3,A,22,,,False,2
t3_S_A23,3,A,23,,,False,0
t3_S_A24,3,A,24,,,False,2
t3_S_B1,3,B,1,,,False,1
t3_S_B2,3,B,2,,,False,3
t3_S_B3,3,B,3,,,False,1
t3_S_B4,3,B,4,,,False,3
t3_S_B5,3,B,5,,,False,1
t3_S_B6,3,B,6,,,False,3
t3_S_B7,3,B,7,,,False,1
t3_S_B8,3,B,8,,,False,3
t3_S_B9,3,B,9,,,False,1
t3_S_B10,3,B,10,,,False,3
t3_S_B11,3,B,11,,,False,1
t3_S_B12,3,B,12,,,False,3
t3_S_B13,3,B,13,,,False,1
t3_S_B14,3,B,14,,,False,3
t3_S_B15,3,B,15,,,False,1
t3_S_B16,3,B,16,,,False,3
t3_S_B17,3,B,17,,,False,1
t3_S_B18,3,B,18,,,False,3
t3_S_B19,3,B,19,,,False,1
t3_S_B20,3,B,20,,,False,3
t3_S_B21,3,B,21,,,False,1
t3_S_B22,3,B,22,,,False,3
t3_S_B23,3,B,23,,,False,1
t3_S_B24,3,B,24,,,False,3
t3_S_C1,3,C,1,,,False,0
t3_S_C2,3,C,2,,,False,2
t3_S_C3,3,C,3,,,False,0
t3_S_C4,3,C,4,,,False,2
t3_S_C5,3,C,5,,,False,0
t3_S_C6,3,C,6,,,False,2
t3_S_C7,3,C,7,,,False,0
t3_S_C8,3,C,8,,,False,2
t3_S_C9,3,C,9,,,False,0
t3_S_C10,3,C,10,,,False,2
t3_S_C11,3,C,11,,,False,0
t3_S_C12,3,C,12,,,False,2
t3_S_C13,3,C,13,,,False,0
t3_S_C14,3,C,14,,,False,2
t3_S_C15,3,C,15,,,False,0
t3_S_C16,3,C,16,,,False,2
t3_S_C17,3,C,17,,,False,0
t3_S_C18,3,C,18,,,False,2
t3_S_C19,3,C,19,,,False,0
t3_S_C20,3,C,20,,,False,2
t3_S_C21,3,C,21,,,False,0
t3_S_C22,3,C,22,,,False,2
t3_S_C23,3,C,23,,,False,0
t3_S_C24,3,C,24,,,False,2
t3_S_D1,3,D,1,,,False,1
t3_S_D2,3,D,2,,,False,3
t3_S_D3,3,D,3,,,False,1
t3_S_D4,3,D,4,,,False,3
t3_S_D5,3,D,5,,,False,1
t3_S_D6,3,D,6,,,False,3
t3_S_D7,3,D,7,,,False,1
t3_S_D8,3,D,8,,,False,3
t3_S_D9,3,D,9,,,False,1
t3_S_D10,3,D,10,,,False,3
t3_S_D11,3,D,11,,,False,1
t3_S_D12,3,D,12,,,False,3
t3_S_D13,3,D,13,,,False,1
t3_S_D14,3,D,14,,,False,3
t3_S_D15,3,D,15,,,False,1
t3_S_D16,3,D,16,,,False,3
t3_S_D17,3,D,17,,,False,1
t3_S_D18,3,D,18,,,False,3
t3_S_D19,3,D,19,,,False,1
t3_S_D20,3,D,20,,,False,3
t3_S_D21,3,D,21,,,False,1
t3_S_D22,3,D,22,,,False,3
t3_S_D23,3,D,23,,,False,1
t3_S_D24,3,D,24,,,False,3
t3_S_E1,3,E,1,,,False,0
t3_S_E2,3,E,2,,,False,2
t3_S_E3,3,E,3,,,False,0
t3_S_E4,3,E,4,,,False,2
t3_S_E5,3,E,5,,,False,0
t3_S_E6,3,E,6,,,False,2
t3_S_E7,3,E,7,,,False,0
t3_S_E8,3,E,8,,,False,2
t3_S_E9,3,E,9,,,False,0
t3_S_E10,3,E,10,,,False,2
t3_S_E11,3,E,11,,,False,0
t3_S_E12,3,E,12,,,False,2
t3_S_E13,3,E,13,,,False,0
t3_S_E14,3,E,14,,,False,2
t3_S_E15,3,E,15,,,False,0
t3_S_E16,3,E,16,,,False,2
t3_S_E17,3,E,17,,,False,0
t3_S_E18,3,E,18,,,False,2
t3_S_E19,3,E,19,,,False,0
t3_S_E20,3,E,20,,,False,2
t3_S_E21,3,E,21,,,False,0
t3_S_E22,3,E,22,,,False,2
t3_S_E23,3,E,23,,,False,0
t3_S_E24,3,E,24,,,False,2
t3_S_F1,3,F,1,,,False,1
t3_S_F2,3,F,2,,,False,3
t3_S_F3,3,F,3,,,False,1
t3_S_F4,3,F,4,,,False,3
t3_S_F5,3,F,5,,,False,1
t3_S_F6,3,F,6,,,False,3
t3_S_F7,3,F,7,,,False,1
t3_S_F8,3,F,8,,,False,3
t3_S_F9,3,F,9,,,False,1
t3_S_F10,3,F,10,,,False,3
t3_S_F11,3,F,11,,,False,1
t3_S_F12,3,F,12,,,False,3
t3_S_F13,3,F,13,,,False,1
t3_S_F14,3,F,14,,,False,3
t3_S_F15,3,F,15,,,False,1
t3_S_F16,3,F,16,,,False,3
t3_S_F17,3,F,17,,,False,1
t3_S_F18,3,F,18,,,False,3
t3_S_F19,3,F,19,,,False,1
t3_S_F20,3,F,20,,,False,3
t3_S_F21,3,F,21,,,False,1
t3_S_F22,3,F,22,,,False,3
t3_S_F23,3,F,23,,,False,1
t3_S_F24,3,F,24,,,False,3
t3_S_G1,3,G,1,,,False,0
t3_S_G2,3,G,2,,,False,2
t3_S_G3,3,G,3,,,False,0
t3_S_G4,3,G,4,,,False,2
t3_S_G5,3,G,5,wt,wt,False,0
t3_S_G6,3,G,6,wt,wt,False,2
t3_S_G7,3,G,7,,,False,0
t3_S_G8,3,G,8,,,False,2
t3_S_G9,3,G,9,A_r,A_r,False,0
t3_S_G10,3,G,10,A_r,A_r,False,2
t3_S_G11,3,G,11,,,False,0
t3_S_G12,3,G,12,,,False,2
t3_S_G13,3,G,13,B_r,B_r,False,0
t3_S_G14,3,G,14,B_r,B_r,False,2
t3_S_G15,3,G,15,,,False,0
t3_S_G16,3,G,16,,,False,2
t3_S_G17,3,G,17,AB_r,AB_r,False,0
t3_S_G18,3,G,18,AB_r,AB_r,False,2
t3_S_G19,3,G,19,,,False,0
t3_S_G20,3,G,20,,,False,2
t3_S_G21,3,G,21,UI,UI,False,0
t3_S_G22,3,G,22,UI,UI,False,2
t3_S_G23,3,G,23,bl,bl,False,0
t3_S_G24,3,G,24,bl,bl,False,2
t3_S_H1,3,H,1,,,False,1
t3_S_H2,3,H,2,,,False,3
t3_S_H3,3,H,3,,,False,1
t3_S_H4,3,H,4,,,False,3
t3_S_H5,3,H,5,wt,wt,False,1
t3_S_H6,3,H,6,wt,wt,False,3
t3_S_H7,3,H,7,,,False,1
t3_S_H8,3,H,8,,,False,3
t3_S_H9,3,H,9,A_r,A_r,False,1
t3_S_H10,3,H,10,A_r,A_r,False,3
t3_S_H11,3,H,11,,,False,1
t3_S_H12,3,H,12,,,False,3
t3_S_H13,3,H,13,B_r,B_r,False,1
t3_S_H14,3,H,14,B_r,B_r,False,3
t3_S_H15,3,H,15,,,False,1
t3_S_H16,3,H,16,,,False,3
t3_S_H17,3,H,17,AB_r,AB_r,False,1
t3_S_H18,3,H,18,AB_r,AB_r,False,3
t3_S_H19,3,H,19,,,False,1
t3_S_H20,3,H,20,,,False,3
t3_S_H21,3,H,21,UI,UI,False,1
t3_S_H22,3,H,22,UI,UI,False,3
t3_S_H23,3,H,23,bl,bl,False,1
t3_S_H24,3,H,24,bl,bl,False,3
t3_S_I1,3,I,1,,,False,0
t3_S_I2,3,I,2,,,False,2
t3_S_I3,3,I,3,,,False,0
t3_S_I4,3,I,4,,,False,2
t3_S_I5,3,I,5,,,False,0
t3_S_I6,3,I,6,,,False,2
t3_S_I7,3,I,7,,,False,0
t3_S_I8,3,I,8,,,False,2
t3_S_I9,3,I,9,,,False,0
t3_S_I10,3,I,10,,,False,2
t3_S_I11,3,I,11,,,False,0
t3_S_I12,3,I,12,,,False,2
t3_S_I13,3,I,13,,,False,0
t3_S_I14,3,I,14,,,False,2
t3_S_I15,3,I,15,,,False,0
t3_S_I16,3,I,16,,,False,2
t3_S_I17,3,I,17,,,False,0
t3_S_I18,3,I,18,,,False,2
t3_S_I19,3,I,19,,,False,0
t3_S_I20,3,I,20,,,False,2
t3_S_I21,3,I,21,,,False,0
t3_S_I22,3,I,22,,,False,2
t3_S_I23,3,I,23,,,False,0
t3_S_I24,3,I,24,,,False,2
t3_S_J1,3,J,1,,,False,1
t3_S_J2,3,J,2,,,False,3
t3_S_J3,3,J,3,,,False,1
t3_S_J4,3,J,4,,,False,3
t3_S_J5,3,J,5,,,False,1
t3_S_J6,3,J,6,,,False,3
t3_S_J7,3,J,7,,,False,1
t3_S_J8,3,J,8,,,False,3
t3_S_J9,3,J,9,,,False,1
t3_S_J10,3,J,10,,,False,3
t3_S_J11,3,J,11,,,False,1
t3_S_J12,3,J,12,,,False,3
t3_S_J13,3,J,13,,,False,1
t3_S_J14,3,J,14,,,False,3
t3_S_J15,3,J,15,,,False,1
t3_S_J16,3,J,16,,,False,3
t3_S_J17,3,J,17,,,False,1
t3_S_J18,3,J,18,,,False,3
t3_S_J19,3,J,19,,,False,1
t3_S_J20,3,J,20,,,False,3
t3_S_J21,3,J,21,,,False,1
t3_S_J22,3,J,22,,,False,3
t3_S_J23,3,J,23,,,False,1
t3_S_J24,3,J,24,,,False,3
t3_S_K1,3,K,1,,,False,0
t3_S_K2,3,K,2,,,False,2
t3_S_K3,3,K,3,,,False,0
t3_S_K4,3,K,4,,,False,2
t3_S_K5,3,K,5,,,False,0
t3_S_K6,3,K,6,,,False,2
t3_S_K7,3,K,7,,,False,0
t3_S_K8,3,K,8,,,False,2
t3_S_K9,3,K,9,,,False,0
t3_S_K10,3,K,10,,,False,2
t3_S_K11,3,K,11,,,False,0
t3_S_K12,3,K,12,,,False,2
t3_S_K13,3,K,13,,,False,0
t3_S_K14,3,K,14,,,False,2
t3_S_K15,3,K,15,,,False,0
t3_S_K16,3,K,16,,,False,2
t3_S_K17,3,K,17,,,False,0
t3_S_K18,3,K,18,,,False,2
t3_S_K19,3,K,19,,,False,0
t3_S_K20,3,K,20,,,False,2
t3_S_K21,3,K,21,,,False,0
t3_S_K22,3,K,22,,,False,2
t3_S_K23,3,K,23,,,False,0
t3_S_K24,3,K,24,,,False,2
t3_S_L1,3,L,1,,,False,1
t3_S_L2,3,L,2,,,False,3
t3_S_L3,3,L,3,,,False,1
t3_S_L4,3,L,4,,,False,3
t3_S_L5,3,L,5,,,False,1
t3_S_L6,3,L,6,,,False,3
t3_S_L7,3,L,7,,,False,1
t3_S_L8,3,L,8,,,False,3
t3_S_L9,3,L,9,,,False,1
t3_S_L10,3,L,10,,,False,3
t3_S_L11,3,L,11,,,False,1
t3_S_L12,3,L,12,,,False,3
t3_S_L13,3,L,13,,,False,1
t3_S_L14,3,L,14,,,False,3
t3_S_L15,3,L,15,,,False,1
t3_S_L16,3,L,16,,,False,3
t3_S_L17,3,L,17,,,False,1
t3_S_L18,3,L,18,,,False,3
t3_S_L19,3,L,19,,,False,1
t3_S_L20,3,L,20,,,False,3
t3_S_L21,3,L,21,,,False,1
t3_S_L22,3,L,22,,,False,3
t3_S_L23,3,L,23,,,False,1
t3_S_L24,3,L,24,,,False,3
t3_S_M1,3,M,1,,,False,0
t3_S_M2,3,M,2,,,False,2
t3_S_M3,3,M,3,,,False,0
t3_S_M4,3,M,4,,,False,2
t3_S_M5,3,M,5,,,False,0
t3_S_M6,3,M,6,,,False,2
t3_S_M7,3,M,7,,,False,0
t3_S_M8,3,M,8,,,False,2
t3_S_M9,3,M,9,,,False,0
t3_S_M10,3,M,10,,,False,2
t3_S_M11,3,M,11,,,False,0
t3_S_M12,3,M,12,,,False,2
t3_S_M13,3,M,13,,,False,0
t3_S_M14,3,M,14,,,False,2
t3_S_M15,3,M,15,,,False,0
t3_S_M16,3,M,16,,,False,2
t3_S_M17,3,M,17,,,False,0
t3_S_M18,3,M,18,,,False,2
t3_S_M19,3,M,19,,,False,0
t3_S_M20,3,M,20,,,False,2
t3_S_M21,3,M,21,,,False,0
t3_S_M22,3,M,22,,,False,2
t3_S_M23,3,M,23,,,False,0
t3_S_M24,3,M,24,,,False,2
t3_S_N1,3,N,1,,,False,1
t3_S_N2,3,N,2,,,False,3
t3_S_N3,3,N,3,,,False,1
t3_S_N4,3,N,4,,,False,3
t3_S_N5,3,N,5,,,False,1
t3_S_N6,3,N,6,,,False,3
t3_S_N7,3,N,7,,,False,1
t3_S_N8,3,N,8,,,False,3
t3_S_N9,3,N,9,,,False,1
t3_S_N10,3,N,10,,,False,3
t3_S_N11,3,N,11,,,False,1
t3_S_N12,3,N,12,,,False,3
t3_S_N13,3,N,13,,,False,1
t3_S_N14,3,N,14,,,False,3
t3_S_N15,3,N,15,,,False,1
t3_S_N16,3,N,16,,,False,3
t3_S_N17,3,N,17,,,False,1
t3_S_N18,3,N,18,,,False,3
t3_S_N19,3,N,19,,,False,1
t3_S_N20,3,N,20,,,False,3
t3_S_N21,3,N,21,,,False,1
t3_S_N22,3,N,22,,,False,3
t3_S_N23,3,N,23,,,False,1
t3_S_N24,3,N,24,,,False,3
t3_S_O1,3,O,1,,,False,0
t3_S_O2,3,O,2,,,False,2
t3_S_O3,3,O,3,,,False,0
t3_S_O4,3,O,4,,,False,2
t3_S_O5,3,O,5,,,False,0
t3_S_O6,3,O,6,,,False,2
t3_S_O7,3,O,7,,,False,0
t3_S_O8,3,O,8,,,False,2
t3_S_O9,3,O,9,,,False,0
t3_S_O10,3,O,10,,,False,2
t3_S_O11,3,O,11,,,False,0
t3_S_O12,3,O,12,,,False,2
t3_S_O13,3,O,13,,,False,0
t3_S_O14,3,O,14,,,False,2
t3_S_O15,3,O,15,,,False,0
t3_S_O16,3,O,16,,,False,2
t3_S_O17,3,O,17,,,False,0
t3_S_O18,3,O,18,,,False,2
t3_S_O19,3,O,19,,,False,0
t3_S_O20,3,O,20,,,False,2
t3_S_O21,3,O,21,,,False,0
t3_S_O22,3,O,22,,,False,2
t3_S_O23,3,O,23,,,False,0
t3_S_O24,3,O,24,,,False,2
t3_S_P1,3,P,1,,,False,1
t3_S_P2,3,P,2,,,False,3
t3_S_P3,3,P,3,,,False,1
t3_S_P4,3,P,4,,,False,3
t3_S_P5,3,P,5,,,False,1
t3_S_P6,3,P,6,,,False,3
t3_S_P7,3,P,7,,,False,1
t3_S_P8,3,P,8,,,False,3
t3_S_P9,3,P,9,,,False,1
t3_S_P10,3,P,10,,,False,3
t3_S_P11,3,P,11,,,False,1
t3_S_P12,3,P,12,,,False,3
t3_S_P13,3,P,13,,,False,1
t3_S_P14,3,P,14,,,False,3
t3_S_P15,3,P,15,,,False,1
t3_S_P16,3,P,16,,,False,3
t3_S_P17,3,P,17,,,False,1
t3_S_P18,3,P,18,,,False,3
t3_S_P19,3,P,19,,,False,1
t3_S_P20,3,P,20,,,False,3
t3_S_P21,3,P,21,,,False,1
t3_S_P22,3,P,22,,,False,3
t3_S_P23,3,P,23,,,False,1
t3_S_P24,3,P,24,,,False,3
t4_S_A1,4,A,1,,,False,0
t4_S_A2,4,A,2,,,False,2
t4_S_A3,4,A,3,,,False,0
t4_S_A4,4,A,4,,,False,2
t4_S_A5,4,A,5,,,False,0
t4_S_A6,4,A,6,,,False,2
t4_S_A7,4,A,7,,,False,0
t4_S_A8,4,A,8,,,False,2
t4_S_A9,4,A,9,,,False,0
t4_S_A10,4,A,10,,,False,2
t4_S_A11,4,A,11,,,False,0
t4_S_A12,4,A,12,,,False,2
t4_S_A13,4,A,13,,,False,0
t4_S_A14,4,A,14,,,False,2
t4_S_A15,4,A,15,,,False,0
t4_S_A16,4,A,16,,,False,2
t4_S_A17,4,A,17,,,False,0
t4_S_A18,4,A,18,,,False,2
t4_S_A19,4,A,19,,,False,0
t4_S_A20,4,A,20,,,False,2
t4_S_A21,4,A,21,,,False,0
t4_S_A22,4,A,22,,,False,2
t4_S_A23,4,A,23,,,False,0
t4_S_A24,4,A,24,,,False,2
t4_S_B1,4,B,1,,,False,1
t4_S_B2,4,B,2,,,False,3
t4_S_B3,4,B,3,,,False,1
t4_S_B4,4,B,4,,,False,3
t4_S_B5,4,B,5,,,False,1
t4_S_B6,4,B,6,,,False,3
t4_S_B7,4,B,7,,,False,1
t4_S_B8,4,B,8,,,False,3
t4_S_B9,4,B,9,,,False,1
t4_S_B10,4,B,10,,,False,3
t4_S_B11,4,B,11,,,False,1
t4_S_B12,4,B,12,,,False,3
t4_S_B13,4,B,13,,,False,1
t4_S_B14,4,B,14,,,False,3
t4_S_B15,4,B,15,,,False,1
t4_S_B16,4,B,16,,,False,3
t4_S_B17,4,B,17,,,False,1
t4_S_B18,4,B,18,,,False,3
t4_S_B19,4,B,19,,,False,1
t4_S_B20,4,B,20,,,False,3
t4_S_B21,4,B,21,,,False,1
t4_S_B22,4,B,22,,,False,3
t4_S_B23,4,B,23,,,False,1
t4_S_B24,4,B,24,,,False,3
t4_S_C1,4,C,1,,,False,0
t4_S_C2,4,C,2,,,False,2
t4_S_C3,4,C,3,,,False,0
t4_S_C4,4,C,4,,,False,2
t4_S_C5,4,C,5,,,False,0
t4_S_C6,4,C,6,,,False,2
t4_S_C7,4,C,7,,,False,0
t4_S_C8,4,C,8,,,False,2
t4_S_C9,4,C,9,,,False,0
t4_S_C10,4,C,10,,,False,2
t4_S_C11,4,C,11,,,False,0
t4_S_C12,4,C,12,,,False,2
t4_S_C13,4,C,13,,,False,0
t4_S_C14,4,C,14,,,False,2
t4_S_C15,4,C,15,,,False,0
t4_S_C16,4,C,16,,,False,2
t4_S_C17,4,C,17,,,False,0
t4_S_C18,4,C,18,,,False,2
t4_S_C19,4,C,19,,,False,0
t4_S_C20,4,C,20,,,False,2
t4_S_C21,4,C,21,,,False,0
t4_S_C22,4,C,22,,,False,2
t4_S_C23,4,C,23,,,False,0
t4_S_C24,4,C,24,,,False,2
t4_S_D1,4,D,1,,,False,1
t4_S_D2,4,D,2,,,False,3
t4_S_D3,4,D,3,,,False,1
t4_S_D4,4,D,4,,,False,3
t4_S_D5,4,D,5,,,False,1
t4_S_D6,4,D,6,,,False,3
t4_S_D7,4,D,7,,,False,1
t4_S_D8,4,D,8,,,False,3
t4_S_D9,4,D,9,,,False,1
t4_S_D10,4,D,10,,,False,3
t4_S_D11,4,D,11,,,False,1
t4_S_D12,4,D,12,,,False,3
t4_S_D13,4,D,13,,,False,1
t4_S_D14,4,D,14,,,False,3
t4_S_D15,4,D,15,,,False,1
t4_S_D16,4,D,16,,,False,3
t4_S_D17,4,D,17,,,False,1
t4_S_D18,4,D,18,,,False,3
t4_S_D19,4,D,19,,,False,1
t4_S_D20,4,D,20,,,False,3
t4_S_D21,4,D,21,,,False,1
t4_S_D22,4,D,22,,,False,3
t4_S_D23,4,D,23,,,False,1
t4_S_D24,4,D,24,,,False,3
t4_S_E1,4,E,1,,,False,0
t4_S_E2,4,E,2,,,False,2
t4_S_E3,4,E,3,,,False,0
t4_S_E4,4,E,4,,,False,2
t4_S_E5,4,E,5,,,False,0
t4_S_E6,4,E,6,,,False,2
t4_S_E7,4,E,7,,,False,0
t4_S_E8,4,E,8,,,False,2
t4_S_E9,4,E,9,,,False,0
t4_S_E10,4,E,10,,,False,2
t4_S_E11,4,E,11,,,False,0
t4_S_E12,4,E,12,,,False,2
t4_S_E13,4,E,13,,,False,0
t4_S_E14,4,E,14,,,False,2
t4_S_E15,4,E,15,,,False,0
t4_S_E16,4,E,16,,,False,2
t4_S_E17,4,E,17,,,False,0
t4_S_E18,4,E,18,,,False,2
t4_S_E19,4,E,19,,,False,0
t4_S_E20,4,E,20,,,False,2
t4_S_E21,4,E,21,,,False,0
t4_S_E22,4,E,22,,,False,2
t4_S_E23,4,E,23,,,False,0
t4_S_E24,4,E,24,,,False,2
t4_S_F1,4,F,1,,,False,1
t4_S_F2,4,F,2,,,False,3
t4_S_F3,4,F,3,,,False,1
t4_S_F4,4,F,4,,,False,3
t4_S_F5,4,F,5,,,False,1
t4_S_F6,4,F,6,,,False,3
t4_S_F7,4,F,7,,,False,1
t4_S_F8,4,F,8,,,False,3
t4_S_F9,4,F,9,,,False,1
t4_S_F10,4,F,10,,,False,3
t4_S_F11,4,F,11,,,False,1
t4_S_F12,4,F,12,,,False,3
t4_S_F13,4,F,13,,,False,1
t4_S_F14,4,F,14,,,False,3
t4_S_F15,4,F,15,,,False,1
t4_S_F16,4,F,16,,,False,3
t4_S_F17,4,F,17,,,False,1
t4_S_F18,4,F,18,,,False,3
t4_S_F19,4,F,19,,,False,1
t4_S_F20,4,F,20,,,False,3
t4_S_F21,4,F,21,,,False,1
t4_S_F22,4,F,22,,,False,3
t4_S_F23,4,F,23,,,False,1
t4_S_F24,4,F,24,,,False,3
t4_S_G1,4,G,1,,,False,0
t4_S_G2,4,G,2,,,False,2
t4_S_G3,4,G,3,,,False,0
t4_S_G4,4,G,4,,,False,2
t4_S_G5,4,G,5,wt,wt,False,0
t4_S_G6,4,G,6,wt,wt,False,2
t4_S_G7,4,G,7,,,False,0
t4_S_G8,4,G,8,,,False,2
t4_S_G9,4,G,9,A_r,A_r,False,0
t4_S_G10,4,G,10,A_r,A_r,False,2
t4_S_G11,4,G,11,,,False,0
t4_S_G12,4,G,12,,,False,2
t4_S_G13,4,G,13,B_r,B_r,False,0
t4_S_G14,4,G,14,B_r,B_r,False,2
t4_S_G15,4,G,15,,,False,0
t4_S_G16,4,G,16,,,False,2
t4_S_G17,4,G,17,AB_r,AB_r,False,0
t4_S_G18,4,G,18,AB_r,AB_r,False,2
t4_S_G19,4,G,19,,,False,0
t4_S_G20,4,G,20,,,False,2
t4_S_G21,4,G,21,UI,UI,False,0
t4_S_G22,4,G,22,UI,UI,False,2
t4_S_G23,4,G,23,bl,bl,False,0
t4_S_G24,4,G,24,bl,bl,False,2
t4_S_H1,4,H,1,,,False,1
t4_S_H2,4,H,2,,,False,3
t4_S_H3,4,H,3,,,False,1
t4_S_H4,4,H,4,,,False,3
t4_S_H5,4,H,5,wt,wt,False,1
t4_S_H6,4,H,6,wt,wt,False,3
t4_S_H7,4,H,7,,,False,1
t4_S_H8,4,H,8,,,False,3
t4_S_H9,4,H,9,A_r,A_r,False,1
t4_S_H10,4,H,10,A_r,A_r,False,3
t4_S_H11,4,H,11,,,False,1
t4_S_H12,4,H,12,,,False,3
t4_S_H13,4,H,13,B_r,B_r,False,1
t4_S_H14,4,H,14,B_r,B_r,False,3
t4_S_H15,4,H,15,,,False,1
t4_S_H16,4,H,16,,,False,3
t4_S_H17,4,H,17,AB_r,AB_r,False,1
t4_S_H18,4,H,18,AB_r,AB_r,False,3
t4_S_H19,4,H,19,,,False,1
t4_S_H20,4,H,20,,,False,3
t4_S_H21,4,H,21,UI,UI,False,1
t4_S_H22,4,H,22,UI,UI,False,3
t4_S_H23,4,H,23,bl,bl,False,1
t4_S_H24,4,H,24,bl,bl,False,3
t4_S_I1,4,I,1,,,False,0
t4_S_I2,4,I,2,,,False,2
t4_S_I3,4,I,3,,,False,0
t4_S_I4,4,I,4,,,False,2
t4_S_I5,4,I,5,,,False,0
t4_S_I6,4,I,6,,,False,2
t4_S_I7,4,I,7,,,False,0
t4_S_I8,4,I,8,,,False,2
t4_S_I9,4,I,9,,,False,0
t4_S_I10,4,I,10,,,False,2
t4_S_I11,4,I,11,,,False,0
t4_S_I12,4,I,12,,,False,2
t4_S_I13,4,I,13,,,False,0
t4_S_I14,4,I,14,,,False,2
t4_S_I15,4,I,15,,,False,0
t4_S_I16,4,I,16,,,False,2
t4_S_I17,4,I,17,,,False,0
t4_S_I18,4,I,18,,,False,2
t4_S_I19,4,I,19,,,False,0
t4_S_I20,4,I,20,,,False,2
t4_S_I21,4,I,21,,,False,0
t4_S_I22,4,I,22,,,False,2
t4_S_I23,4,I,23,,,False,0
t4_S_I24,4,I,24,,,False,2
t4_S_J1,4,J,1,,,False,1
t4_S_J2,4,J,2,,,False,3
t4_S_J3,4,J,3,,,False,1
t4_S_J4,4,J,4,,,False,3
t4_S_J5,4,J,5,,,False,1
t4_S_J6,4,J,6,,,False,3
t4_S_J7,4,J,7,,,False,1
t4_S_J8,4,J,8,,,False,3
t4_S_J9,4,J,9,,,False,1
t4_S_J10,4,J,10,,,False,3
t4_S_J11,4,J,11,,,False,1
t4_S_J12,4,J,12,,,False,3
t4_S_J13,4,J,13,,,False,1
t4_S_J14,4,J,14,,,False,3
t4_S_J15,4,J,15,,,False,1
t4_S_J16,4,J,16,,,False,3
t4_S_J17,4,J,17,,,False,1
t4_S_J18,4,J,18,,,False,3
t4_S_J19,4,J,19,,,False,1
t4_S_J20,4,J,20,,,False,3
t4_S_J21,4,J,21,,,False,1
t4_S_J22,4,J,22,,,False,3
t4_S_J23,4,J,23,,,False,1
t4_S_J24,4,J,24,,,False,3
t4_S_K1,4,K,1,,,False,0
t4_S_K2,4,K,2,,,False,2
t4_S_K3,4,K,3,,,False,0
t4_S_K4,4,K,4,,,False,2
t4_S_K5,4,K,5,,,False,0
t4_S_K6,4,K,6,,,False,2
t4_S_K7,4,K,7,,,False,0
t4_S_K8,4,K,8,,,False,2
t4_S_K9,4,K,9,,,False,0
t4_S_K10,4,K,10,,,False,2
t4_S_K11,4,K,11,,,False,0
t4_S_K12,4,K,12,,,False,2
t4_S_K13,4,K,13,,,False,0
t4_S_K14,4,K,14,,,False,2
t4_S_K15,4,K,15,,,False,0
t4_S_K16,4,K,16,,,False,2
t4_S_K17,4,K,17,,,False,0
t4_S_K18,4,K,18,,,False,2
t4_S_K19,4,K,19,,,False,0
t4_S_K20,4,K,20,,,False,2
t4_S_K21,4,K,21,,,False,0
t4_S_K22,4,K,22,,,False,2
t4_S_K23,4,K,23,,,False,0
t4_S_K24,4,K,24,,,False,2
t4_S_L1,4,L,1,,,False,1
t4_S_L2,4,L,2,,,False,3
t4_S_L3,4,L,3,,,False,1
t4_S_L4,4,L,4,,,False,3
t4_S_L5,4,L,5,,,False,1
t4_S_L6,4,L,6,,,False,3
t4_S_L7,4,L,7,,,False,1
t4_S_L8,4,L,8,,,False,3
t4_S_L9,4,L,9,,,False,1
t4_S_L10,4,L,10,,,False,3
t4_S_L11,4,L,11,,,False,1
t4_S_L12,4,L,12,,,False,3
t4_S_L13,4,L,13,,,False,1
t4_S_L14,4,L,14,,,False,3
t4_S_L15,4,L,15,,,False,1
t4_S_L16,4,L,16,,,False,3
t4_S_L17,4,L,17,,,False,1
t4_S_L18,4,L,18,,,False,3
t4_S_L19,4,L,19,,,False,1
t4_S_L20,4,L,20,,,False,3
t4_S_L21,4,L,21,,,False,1
t4_S_L22,4,L,22,,,False,3
t4_S_L23,4,L,23,,,False,1
t4_S_L24,4,L,24,,,False,3
t4_S_M1,4,M,1,,,False,0
t4_S_M2,4,M,2,,,False,2
t4_S_M3,4,M,3,,,False,0
t4_S_M4,4,M,4,,,False,2
t4_S_M5,4,M,5,,,False,0
t4_S_M6,4,M,6,,,False,2
t4_S_M7,4,M,7,,,False,0
t4_S_M8,4,M,8,,,False,2
t4_S_M9,4,M,9,,,False,0
t4_S_M10,4,M,10,,,False,2
t4_S_M11,4,M,11,,,False,0
t4_S_M12,4,M,12,,,False,2
t4_S_M13,4,M,13,,,False,0
t4_S_M14,4,M,14,,,False,2
t4_S_M15,4,M,15,,,False,0
t4_S_M16,4,M,16,,,False,2
t4_S_M17,4,M,17,,,False,0
t4_S_M18,4,M,18,,,False,2
t4_S_M19,4,M,19,,,False,0
t4_S_M20,4,M,20,,,False,2
t4_S_M21,4,M,21,,,False,0
t4_S_M22,4,M,22,,,False,2
t4_S_M23,4,M,23,,,False,0
t4_S_M24,4,M,24,,,False,2
t4_S_N1,4,N,1,,,False,1
t4_S_N2,4,N,2,,,False,3
t4_S_N3,4,N,3,,,False,1
t4_S_N4,4,N,4,,,False,3
t4_S_N5,4,N,5,,,False,1
t4_S_N6,4,N,6,,,False,3
t4_S_N7,4,N,7,,,False,1
t4_S_N8,4,N,8,,,False,3
t4_S_N9,4,N,9,,,False,1
t4_S_N10,4,N,10,,,False,3
t4_S_N11,4,N,11,,,False,1
t4_S_N12,4,N,12,,,False,3
t4_S_N13,4,N,13,,,False,1
t4_S_N14,4,N,14,,,False,3
t4_S_N15,4,N,15,,,False,1
t4_S_N16,4,N,16,,,False,3
t4_S_N17,4,N,17,,,False,1
t4_S_N18,4,N,18,,,False,3
t4_S_N19,4,N,19,,,False,1
t4_S_N20,4,N,20,,,False,3
t4_S_N21,4,N,21,,,False,1
t4_S_N22,4,N,22,,,False,3
t4_S_N23,4,N,23,,,False,1
t4_S_N24,4,N,24,,,False,3
t4_S_O1,4,O,1,,,False,0
t4_S_O2,4,O,2,,,False,2
t4_S_O3,4,O,3,,,False,0
t4_S_O4,4,O,4,,,False,2
t4_S_O5,4,O,5,,,False,0
t4_S_O6,4,O,6,,,False,2
t4_S_O7,4,O,7,,,False,0
t4_S_O8,4,O,8,,,False,2
t4_S_O9,4,O,9,,,False,0
t4_S_O10,4,O,10,,,False,2
t4_S_O11,4,O,11,,,False,0
t4_S_O12,4,O,12,,,False,2
t4_S_O13,4,O,13,,,False,0
t4_S_O14,4,O,14,,,False,2
t4_S_O15,4,O,15,,,False,0
t4_S_O16,4,O,16,,,False,2
t4_S_O17,4,O,17,,,False,0
t4_S_O18,4,O,18,,,False,2
t4_S_O19,4,O,19,,,False,0
t4_S_O20,4,O,20,,,False,2
t4_S_O21,4,O,21,,,False,0
t4_S_O22,4,O,22,,,False,2
t4_S_O23,4,O,23,,,False,0
t4_S_O24,4,O,24,,,False,2
t4_S_P1,4,P,1,,,False,1
t4_S_P2,4,P,2,,,False,3
t4_S_P3,4,P,3,,,False,1
t4_S_P4,4,P,4,,,False,3
t4_S_P5,4,P,5,,,False,1
t4_S_P6,4,P,6,,,False,3
t4_S_P7,4,P,7,,,False,1
t4_S_P8,4,P,8,,,False,3
t4_S_P9,4,P,9,,,False,1
t4_S_P10,4,P,10,,,False,3
t4_S_P11,4,P,11,,,False,1
t4_S_P12,4,P,12,,,False,3
t4_S_P13,4,P,13,,,False,1
t4_S_P14,4,P,14,,,False,3
t4_S_P15,4,P,15,,,False,1
t4_S_P16,4,P,16,,,False,3
t4_S_P17,4,P,17,,,False,1
t4_S_P18,4,P,18,,,False,3
t4_S_P19,4,P,19,,,False,1
t4_S_P20,4,P,20,,,False,3
t4_S_P21,4,P,21,,,False,1
t4_S_P22,4,P,22,,,False,3
t4_S_P23,4,P,23,,,False,1
t4_S_P24,4,P,24,,,False,3
t5_S_A1,5,A,1,,,False,0
t5_S_A2,5,A,2,,,False,2
t5_S_A3,5,A,3,,,False,0
t5_S_A4,5,A,4,,,False,2
t5_S_A5,5,A,5,,,False,0
t5_S_A6,5,A,6,,,False,2
t5_S_A7,5,A,7,,,False,0
t5_S_A8,5,A,8,,,False,2
t5_S_A9,5,A,9,,,False,0
t5_S_A10,5,A,10,,,False,2
t5_S_A11,5,A,11,,,False,0
t5_S_A12,5,A,12,,,False,2
t5_S_A13,5,A,13,,,False,0
t5_S_A14,5,A,14,,,False,2
t5_S_A15,5,A,15,,,False,0
t5_S_A16,5,A,16,,,False,2
t5_S_A17,5,A,17,,,False,0
t5_S_A18,5,A,18,,,False,2
t5_S_A19,5,A,19,,,False,0
t5_S_A20,5,A,20,,,False,2
t5_S_A21,5,A,21,,,False,0
t5_S_A22,5,A,22,,,False,2
t5_S_A23,5,A,23,,,False,0
t5_S_A24,5,A,24,,,False,2
t5_S_B1,5,B,1,,,False,1
t5_S_B2,5,B,2,,,False,3
t5_S_B3,5,B,3,,,False,1
t5_S_B4,5,B,4,,,False,3
t5_S_B5,5,B,5,,,False,1
t5_S_B6,5,B,6,,,False,3
t5_S_B7,5,B,7,,,False,1
t5_S_B8,5,B,8,,,False,3
t5_S_B9,5,B,9,,,False,1
t5_S_B10,5,B,10,,,False,3
t5_S_B11,5,B,11,,,False,1
t5_S_B12,5,B,12,,,False,3
t5_S_B13,5,B,13,,,False,1
t5_S_B14,5,B,14,,,False,3
t5_S_B15,5,B,15,,,False,1
t5_S_B16,5,B,16,,,False,3
t5_S_B17,5,B,17,,,False,1
t5_S_B18,5,B,18,,,False,3
t5_S_B19,5,B,19,,,False,1
t5_S_B20,5,B,20,,,False,3
t5_S_B21,5,B,21,,,False,1
t5_S_B22,5,B,22,,,False,3
t5_S_B23,5,B,23,,,False,1
t5_S_B24,5,B,24,,,False,3
t5_S_C1,5,C,1,,,False,0
t5_S_C2,5,C,2,,,False,2
t5_S_C3,5,C,3,,,False,0
t5_S_C4,5,C,4,,,False,2
t5_S_C5,5,C,5,,,False,0
t5_S_C6,5,C,6,,,False,2
t5_S_C7,5,C,7,,,False,0
t5_S_C8,5,C,8,,,False,2
t5_S_C9,5,C,9,,,False,0
t5_S_C10,5,C,10,,,False,2
t5_S_C11,5,C,11,,,False,0
t5_S_C12,5,C,12,,,False,2
t5_S_C13,5,C,13,,,False,0
t5_S_C14,5,C,14,,,False,2
t5_S_C15,5,C,15,,,False,0
t5_S_C16,5,C,16,,,False,2
t5_S_C17,5,C,17,,,False,0
t5_S_C18,5,C,18,,,False,2
t5_S_C19,5,C,19,,,False,0
t5_S_C20,5,C,20,,,False,2
t5_S_C21,5,C,21,,,False,0
t5_S_C22,5,C,22,,,False,2
t5_S_C23,5,C,23,,,False,0
t5_S_C24,5,C,24,,,False,2
t5_S_D1,5,D,1,,,False,1
t5_S_D2,5,D,2,,,False,3
t5_S_D3,5,D,3,,,False,1
t5_S_D4,5,D,4,,,False,3
t5_S_D5,5,D,5,,,False,1
t5_S_D6,5,D,6,,,False,3
t5_S_D7,5,D,7,,,False,1
t5_S_D8,5,D,8,,,False,3
t5_S_D9,5,D,9,,,False,1
t5_S_D10,5,D,10,,,False,3
t5_S_D11,5,D,11,,,False,1
t5_S_D12,5,D,12,,,False,3
t5_S_D13,5,D,13,,,False,1
t5_S_D14,5,D,14,,,False,3
t5_S_D15,5,D,15,,,False,1
t5_S_D16,5,D,16,,,False,3
t5_S_D17,5,D,17,,,False,1
t5_S_D18,5,D,18,,,False,3
t5_S_D19,5,D,19,,,False,1
t5_S_D20,5,D,20,,,False,3
t5_S_D21,5,D,21,,,False,1
t5_S_D22,5,D,22,,,False,3
t5_S_D23,5,D,23,,,False,1
t5_S_D24,5,D,24,,,False,3
t5_S_E1,5,E,1,,,False,0
t5_S_E2,5,E,2,,,False,2
t5_S_E3,5,E,3,,,False,0
t5_S_E4,5,E,4,,,False,2
t5_S_E5,5,E,5,,,False,0
t5_S_E6,5,E,6,,,False,2
t5_S_E7,5,E,7,,,False,0
t5_S_E8,5,E,8,,,False,2
t5_S_E9,5,E,9,,,False,0
t5_S_E10,5,E,10,,,False,2
t5_S_E11,5,E,11,,,False,0
t5_S_E12,5,E,12,,,False,2
t5_S_E13,5,E,13,,,False,0
t5_S_E14,5,E,14,,,False,2
t5_S_E15,5,E,15,,,False,0
t5_S_E16,5,E,16,,,False,2
t5_S_E17,5,E,17,,,False,0
t5_S_E18,5,E,18,,,False,2
t5_S_E19,5,E,19,,,False,0
t5_S_E20,5,E,20,,,False,2
t5_S_E21,5,E,21,,,False,0
t5_S_E22,5,E,22,,,False,2
t5_S_E23,5,E,23,,,False,0
t5_S_E24,5,E,24,,,False,2
t5_S_F1,5,F,1,,,False,1
t5_S_F2,5,F,2,,,False,3
t5_S_F3,5,F,3,,,False,1
t5_S_F4,5,F,4,,,False,3
t5_S_F5,5,F,5,,,False,1
t5_S_F6,5,F,6,,,False,3
t5_S_F7,5,F,7,,,False,1
t5_S_F8,5,F,8,,,False,3
t5_S_F9,5,F,9,,,False,1
t5_S_F10,5,F,10,,,False,3
t5_S_F11,5,F,11,,,False,1
t5_S_F12,5,F,12,,,False,3
t5_S_F13,5,F,13,,,False,1
t5_S_F14,5,F,14,,,False,3
t5_S_F15,5,F,15,,,False,1
t5_S_F16,5,F,16,,,False,3
t5_S_F17,5,F,17,,,False,1
t5_S_F18,5,F,18,,,False,3
t5_S_F19,5,F,19,,,False,1
t5_S_F20,5,F,20,,,False,3
t5_S_F21,5,F,21,,,False,1
t5_S_F22,5,F,22,,,False,3
t5_S_F23,5,F,23,,,False,1
t5_S_F24,5,F,24,,,False,3
t5_S_G1,5,G,1,,,False,0
t5_S_G2,5,G,2,,,False,2
t5_S_G3,5,G,3,,,False,0
t5_S_G4,5,G,4,,,False,2
t5_S_G5,5,G,5,wt,wt,False,0
t5_S_G6,5,G,6,wt,wt,False,2
t5_S_G7,5,G,7,,,False,0
t5_S_G8,5,G,8,,,False,2
t5_S_G9,5,G,9,A_r,A_r,False,0
t5_S_G10,5,G,10,A_r,A_r,False,2
t5_S_G11,5,G,11,,,False,0
t5_S_G12,5,G,12,,,False,2
t5_S_G13,5,G,13,B_r,B_r,False,0
t5_S_G14,5,G,14,B_r,B_r,False,2
t5_S_G15,5,G,15,,,False,0
t5_S_G16,5,G,16,,,False,2
t5_S_G17,5,G,17,AB_r,AB_r,False,0
t5_S_G18,5,G,18,AB_r,AB_r,False,2
t5_S_G19,5,G,19,,,False,0
t5_S_G20,5,G,20,,,False,2
t5_S_G21,5,G,21,UI,UI,False,0
t5_S_G22,5,G,22,UI,UI,False,2
t5_S_G23,5,G,23,bl,bl,False,0
t5_S_G24,5,G,24,bl,bl,False,2
t5_S_H1,5,H,1,,,False,1
t5_S_H2,5,H,2,,,False,3
t5_S_H3,5,H,3,,,False,1
t5_S_H4,5,H,4,,,False,3
t5_S_H5,5,H,5,wt,wt,False,1
t5_S_H6,5,H,6,wt,wt,False,3
t5_S_H7,5,H,7,,,False,1
t5_S_H8,5,H,8,,,False,3
t5_S_H9,5,H,9,A_r,A_r,False,1
t5_S_H10,5,H,10,A_r,A_r,False,3
t5_S_H11,5,H,11,,,False,1
t5_S_H12,5,H,12,,,False,3
t5_S_H13,5,H,13,B_r,B_r,False,1
t5_S_H14,5,H,14,B_r,B_r,False,3
t5_S_H15,5,H,15,,,False,1
t5_S_H16,5,H,16,,,False,3
t5_S_H17,5,H,17,AB_r,AB_r,False,1
t5_S_H18,5,H,18,AB_r,AB_r,False,3
t5_S_H19,5,H,19,,,False,1
t5_S_H20,5,H,20,,,False,3
t5_S_H21,5,H,21,UI,UI,False,1
t5_S_H22,5,H,22,UI,UI,False,3
t5_S_H23,5,H,23,bl,bl,False,1
t5_S_H24,5,H,24,bl,bl,False,3
t5_S_I1,5,I,1,,,False,0
t5_S_I2,5,I,2,,,False,2
t5_S_I3,5,I,3,,,False,0
t5_S_I4,5,I,4,,,False,2
t5_S_I5,5,I,5,,,False,0
t5_S_I6,5,I,6,,,False,2
t5_S_I7,5,I,7,,,False,0
t5_S_I8,5,I,8,,,False,2
t5_S_I9,5,I,9,,,False,0
t5_S_I10,5,I,10,,,False,2
t5_S_I11,5,I,11,,,False,0
t5_S_I12,5,I,12,,,False,2
t5_S_I13,5,I,13,,,False,0
t5_S_I14,5,I,14,,,False,2
t5_S_I15,5,I,15,,,False,0
t5_S_I16,5,I,16,,,False,2
t5_S_I17,5,I,17,,,False,0
t5_S_I18,5,I,18,,,False,2
t5_S_I19,5,I,19,,,False,0
t5_S_I20,5,I,20,,,False,2
t5_S_I21,5,I,21,,,False,0
t5_S_I22,5,I,22,,,False,2
t5_S_I23,5,I,23,,,False,0
t5_S_I24,5,I,24,,,False,2
t5_S_J1,5,J,1,,,False,1
t5_S_J2,5,J,2,,,False,3
t5_S_J3,5,J,3,,,False,1
t5_S_J4,5,J,4,,,False,3
t5_S_J5,5,J,5,,,False,1
t5_S_J6,5,J,6,,,False,3
t5_S_J7,5,J,7,,,False,1
t5_S_J8,5,J,8,,,False,3
t5_S_J9,5,J,9,,,False,1
t5_S_J10,5,J,10,,,False,3
t5_S_J11,5,J,11,,,False,1
t5_S_J12,5,J,12,,,False,3
t5_S_J13,5,J,13,,,False,1
t5_S_J14,5,J,14,,,False,3
t5_S_J15,5,J,15,,,False,1
t5_S_J16,5,J,16,,,False,3
t5_S_J17,5,J,17,,,False,1
t5_S_J18,5,J,18,,,False,3
t5_S_J19,5,J,19,,,False,1
t5_S_J20,5,J,20,,,False,3
t5_S_J21,5,J,21,,,False,1
t5_S_J22,5,J,22,,,False,3
t5_S_J23,5,J,23,,,False,1
t5_S_J24,5,J,24,,,False,3
t5_S_K1,5,K,1,,,False,0
t5_S_K2,5,K,2,,,False,2
t5_S_K3,5,K,3,,,False,0
t5_S_K4,5,K,4,,,False,2
t5_S_K5,5,K,5,,,False,0
t5_S_K6,5,K,6,,,False,2
t5_S_K7,5,K,7,,,False,0
t5_S_K8,5,K,8,,,False,2
t5_S_K9,5,K,9,,,False,0
t5_S_K10,5,K,10,,,False,2
t5_S_K11,5,K,11,,,False,0
t5_S_K12,5,K,12,,,False,2
t5_S_K13,5,K,13,,,False,0
t5_S_K14,5,K,14,,,False,2
t5_S_K15,5,K,15,,,False,0
t5_S_K16,5,K,16,,,False,2
t5_S_K17,5,K,17,,,False,0
t5_S_K18,5,K,18,,,False,2
t5_S_K19,5,K,19,,,False,0
t5_S_K20,5,K,20,,,False,2
t5_S_K21,5,K,21,,,False,0
t5_S_K22,5,K,22,,,False,2
t5_S_K23,5,K,23,,,False,0
t5_S_K24,5,K,24,,,False,2
t5_S_L1,5,L,1,,,False,1
t5_S_L2,5,L,2,,,False,3
t5_S_L3,5,L,3,,,False,1
t5_S_L4,5,L,4,,,False,3
t5_S_L5,5,L,5,,,False,1
t5_S_L6,5,L,6,,,False,3
t5_S_L7,5,L,7,,,False,1
t5_S_L8,5,L,8,,,False,3
t5_S_L9,5,L,9,,,False,1
t5_S_L10,5,L,10,,,False,3
t5_S_L11,5,L,11,,,False,1
t5_S_L12,5,L,12,,,False,3
t5_S_L13,5,L,13,,,False,1
t5_S_L14,5,L,14,,,False,3
t5_S_L15,5,L,15,,,False,1
t5_S_L16,5,L,16,,,False,3
t5_S_L17,5,L,17,,,False,1
t5_S_L18,5,L,18,,,False,3
t5_S_L19,5,L,19,,,False,1
t5_S_L20,5,L,20,,,False,3
t5_S_L21,5,L,21,,,False,1
t5_S_L22,5,L,22,,,False,3
t5_S_L23,5,L,23,,,False,1
t5_S_L24,5,L,24,,,False,3
t5_S_M1,5,M,1,,,False,0
t5_S_M2,5,M,2,,,False,2
t5_S_M3,5,M,3,,,False,0
t5_S_M4,5,M,4,,,False,2
t5_S_M5,5,M,5,,,False,0
t5_S_M6,5,M,6,,,False,2
t5_S_M7,5,M,7,,,False,0
t5_S_M8,5,M,8,,,False,2
t5_S_M9,5,M,9,,,False,0
t5_S_M10,5,M,10,,,False,2
t5_S_M11,5,M,11,,,False,0
t5_S_M12,5,M,12,,,False,2
t5_S_M13,5,M,13,,,False,0
t5_S_M14,5,M,14,,,False,2
t5_S_M15,5,M,15,,,False,0
t5_S_M16,5,M,16,,,False,2
t5_S_M17,5,M,17,,,False,0
t5_S_M18,5,M,18,,,False,2
t5_S_M19,5,M,19,,,False,0
t5_S_M20,5,M,20,,,False,2
t5_S_M21,5,M,21,,,False,0
t5_S_M22,5,M,22,,,False,2
t5_S_M23,5,M,23,,,False,0
t5_S_M24,5,M,24,,,False,2
t5_S_N1,5,N,1,,,False,1
t5_S_N2,5,N,2,,,False,3
t5_S_N3,5,N,3,,,False,1
t5_S_N4,5,N,4,,,False,3
t5_S_N5,5,N,5,,,False,1
t5_S_N6,5,N,6,,,False,3
t5_S_N7,5,N,7,,,False,1
t5_S_N8,5,N,8,,,False,3
t5_S_N9,5,N,9,,,False,1
t5_S_N10,5,N,10,,,False,3
t5_S_N11,5,N,11,,,False,1
t5_S_N12,5,N,12,,,False,3
t5_S_N13,5,N,13,,,False,1
t5_S_N14,5,N,14,,,False,3
t5_S_N15,5,N,15,,,False,1
t5_S_N16,5,N,16,,,False,3
t5_S_N17,5,N,17,,,False,1
t5_S_N18,5,N,18,,,False,3
t5_S_N19,5,N,19,,,False,1
t5_S_N20,5,N,20,,,False,3
t5_S_N21,5,N,21,,,False,1
t5_S_N22,5,N,22,,,False,3
t5_S_N23,5,N,23,,,False,1
t5_S_N24,5,N,24,,,False,3
t5_S_O1,5,O,1,,,False,0
t5_S_O2,5,O,2,,,False,2
t5_S_O3,5,O,3,,,False,0
t5_S_O4,5,O,4,,,False,2
t5_S_O5,5,O,5,,,False,0
t5_S_O6,5,O,6,,,False,2
t5_S_O7,5,O,7,,,False,0
t5_S_O8,5,O,8,,,False,2
t5_S_O9,5,O,9,,,False,0
t5_S_O10,5,O,10,,,False,2
t5_S_O11,5,O,11,,,False,0
t5_S_O12,5,O,12,,,False,2
t5_S_O13,5,O,13,,,False,0
t5_S_O14,5,O,14,,,False,2
t5_S_O15,5,O,15,,,False,0
t5_S_O16,5,O,16,,,False,2
t5_S_O17,5,O,17,,,False,0
t5_S_O18,5,O,18,,,False,2
t5_S_O19,5,O,19,,,False,0
t5_S_O20,5,O,20,,,False,2
t5_S_O21,5,O,21,,,False,0
t5_S_O22,5,O,22,,,False,2
t5_S_O23,5,O,23,,,False,0
t5_S_O24,5,O,24,,,False,2
t5_S_P1,5,P,1,,,False,1
t5_S_P2,5,P,2,,,False,3
t5_S_P3,5,P,3,,,False,1
t5_S_P4,5,P,4,,,False,3
t5_S_P5,5,P,5,,,False,1
t5_S_P6,5,P,6,,,False,3
t5_S_P7,5,P,7,,,False,1
t5_S_P8,5,P,8,,,False,3
t5_S_P9,5,P,9,,,False,1
t5_S_P10,5,P,10,,,False,3
t5_S_P11,5,P,11,,,False,1
t5_S_P12,5,P,12,,,False,3
t5_S_P13,5,P,13,,,False,1
t5_S_P14,5,P,14,,,False,3
t5_S_P15,5,P,15,,,False,1
t5_S_P16,5,P,16,,,False,3
t5_S_P17,5,P,17,,,False,1
t5_S_P18,5,P,18,,,False,3
t5_S_P19,5,P,19,,,False,1
t5_S_P20,5,P,20,,,False,3
t5_S_P21,5,P,21,,,False,1
t5_S_P22,5,P,22,,,False,3
t5_S_P23,5,P,23,,,False,1
t5_S_P24,5,P,24,,,False,3
t6_S_A1,6,A,1,,,False,0
t6_S_A2,6,A,2,,,False,2
t6_S_A3,6,A,3,,,False,0
t6_S_A4,6,A,4,,,False,2
t6_S_A5,6,A,5,,,False,0
t6_S_A6,6,A,6,,,False,2
t6_S_A7,6,A,7,,,False,0
t6_S_A8,6,A,8,,,False,2
t6_S_A9,6,A,9,,,False,0
t6_S_A10,6,A,10,,,False,2
t6_S_A11,6,A,11,,,False,0
t6_S_A12,6,A,12,,,False,2
t6_S_A13,6,A,13,,,False,0
t6_S_A14,6,A,14,,,False,2
t6_S_A15,6,A,15,,,False,0
t6_S_A16,6,A,16,,,False,2
t6_S_A17,6,A,17,,,False,0
t6_S_A18,6,A,18,,,False,2
t6_S_A19,6,A,19,,,False,0
t6_S_A20,6,A,20,,,False,2
t6_S_A21,6,A,21,,,False,0
t6_S_A22,6,A,22,,,False,2
t6_S_A23,6,A,23,,,False,0
t6_S_A24,6,A,24,,,False,2
t6_S_B1,6,B,1,,,False,1
t6_S_B2,6,B,2,,,False,3
t6_S_B3,6,B,3,,,False,1
t6_S_B4,6,B,4,,,False,3
t6_S_B5,6,B,5,,,False,1
t6_S_B6,6,B,6,,,False,3
t6_S_B7,6,B,7,,,False,1
t6_S_B8,6,B,8,,,False,3
t6_S_B9,6,B,9,,,False,1
t6_S_B10,6,B,10,,,False,3
t6_S_B11,6,B,11,,,False,1
t6_S_B12,6,B,12,,,False,3
t6_S_B13,6,B,13,,,False,1
t6_S_B14,6,B,14,,,False,3
t6_S_B15,6,B,15,,,False,1
t6_S_B16,6,B,16,,,False,3
t6_S_B17,6,B,17,,,False,1
t6_S_B18,6,B,18,,,False,3
t6_S_B19,6,B,19,,,False,1
t6_S_B20,6,B,20,,,False,3
t6_S_B21,6,B,21,,,False,1
t6_S_B22,6,B,22,,,False,3
t6_S_B23,6,B,23,,,False,1
t6_S_B24,6,B,24,,,False,3
t6_S_C1,6,C,1,,,False,0
t6_S_C2,6,C,2,,,False,2
t6_S_C3,6,C,3,,,False,0
t6_S_C4,6,C,4,,,False,2
t6_S_C5,6,C,5,,,False,0
t6_S_C6,6,C,6,,,False,2
t6_S_C7,6,C,7,,,False,0
t6_S_C8,6,C,8,,,False,2
t6_S_C9,6,C,9,,,False,0
t6_S_C10,6,C,10,,,False,2
t6_S_C11,6,C,11,,,False,0
t6_S_C12,6,C,12,,,False,2
t6_S_C13,6,C,13,,,False,0
t6_S_C14,6,C,14,,,False,2
t6_S_C15,6,C,15,,,False,0
t6_S_C16,6,C,16,,,False,2
t6_S_C17,6,C,17,,,False,0
t6_S_C18,6,C,18,,,False,2
t6_S_C19,6,C,19,,,False,0
t6_S_C20,6,C,20,,,False,2
t6_S_C21,6,C,21,,,False,0
t6_S_C22,6,C,22,,,False,2
t6_S_C23,6,C,23,,,False,0
t6_S_C24,6,C,24,,,False,2
t6_S_D1,6,D,1,,,False,1
t6_S_D2,6,D,2,,,False,3
t6_S_D3,6,D,3,,,False,1
t6_S_D4,6,D,4,,,False,3
t6_S_D5,6,D,5,,,False,1
t6_S_D6,6,D,6,,,False,3
t6_S_D7,6,D,7,,,False,1
t6_S_D8,6,D,8,,,False,3
t6_S_D9,6,D,9,,,False,1
t6_S_D10,6,D,10,,,False,3
t6_S_D11,6,D,11,,,False,1
t6_S_D12,6,D,12,,,False,3
t6_S_D13,6,D,13,,,False,1
t6_S_D14,6,D,14,,,False,3
t6_S_D15,6,D,15,,,False,1
t6_S_D16,6,D,16,,,False,3
t6_S_D17,6,D,17,,,False,1
t6_S_D18,6,D,18,,,False,3
t6_S_D19,6,D,19,,,False,1
t6_S_D20,6,D,20,,,False,3
t6_S_D21,6,D,21,,,False,1
t6_S_D22,6,D,22,,,False,3
t6_S_D23,6,D,23,,,False,1
t6_S_D24,6,D,24,,,False,3
t6_S_E1,6,E,1,,,False,0
t6_S_E2,6,E,2,,,False,2
t6_S_E3,6,E,3,,,False,0
t6_S_E4,6,E,4,,,False,2
t6_S_E5,6,E,5,,,False,0
t6_S_E6,6,E,6,,,False,2
t6_S_E7,6,E,7,,,False,0
t6_S_E8,6,E,8,,,False,2
t6_S_E9,6,E,9,,,False,0
t6_S_E10,6,E,10,,,False,2
t6_S_E11,6,E,11,,,False,0
t6_S_E12,6,E,12,,,False,2
t6_S_E13,6,E,13,,,False,0
t6_S_E14,6,E,14,,,False,2
t6_S_E15,6,E,15,,,False,0
t6_S_E16,6,E,16,,,False,2
t6_S_E17,6,E,17,,,False,0
t6_S_E18,6,E,18,,,False,2
t6_S_E19,6,E,19,,,False,0
t6_S_E20,6,E,20,,,False,2
t6_S_E21,6,E,21,,,False,0
t6_S_E22,6,E,22,,,False,2
t6_S_E23,6,E,23,,,False,0
t6_S_E24,6,E,24,,,False,2
t6_S_F1,6,F,1,,,False,1
t6_S_F2,6,F,2,,,False,3
t6_S_F3,6,F,3,,,False,1
t6_S_F4,6,F,4,,,False,3
t6_S_F5,6,F,5,,,False,1
t6_S_F6,6,F,6,,,False,3
t6_S_F7,6,F,7,,,False,1
t6_S_F8,6,F,8,,,False,3
t6_S_F9,6,F,9,,,False,1
t6_S_F10,6,F,10,,,False,3
t6_S_F11,6,F,11,,,False,1
t6_S_F12,6,F,12,,,False,3
t6_S_F13,6,F,13,,,False,1
t6_S_F14,6,F,14,,,False,3
t6_S_F15,6,F,15,,,False,1
t6_S_F16,6,F,16,,,False,3
t6_S_F17,6,F,17,,,False,1
t6_S_F18,6,F,18,,,False,3
t6_S_F19,6,F,19,,,False,1
t6_S_F20,6,F,20,,,False,3
t6_S_F21,6,F,21,,,False,1
t6_S_F22,6,F,22,,,False,3
t6_S_F23,6,F,23,,,False,1
t6_S_F24,6,F,24,,,False,3
t6_S_G1,6,G,1,,,False,0
t6_S_G2,6,G,2,,,False,2
t6_S_G3,6,G,3,,,False,0
t6_S_G4,6,G,4,,,False,2
t6_S_G5,6,G,5,wt,wt,False,0
t6_S_G6,6,G,6,wt,wt,False,2
t6_S_G7,6,G,7,,,False,0
t6_S_G8,6,G,8,,,False,2
t6_S_G9,6,G,9,A_r,A_r,False,0
t6_S_G10,6,G,10,A_r,A_r,False,2
t6_S_G11,6,G,11,,,False,0
t6_S_G12,6,G,12,,,False,2
t6_S_G13,6,G,13,B_r,B_r,False,0
t6_S_G14,6,G,14,B_r,B_r,False,2
t6_S_G15,6,G,15,,,False,0
t6_S_G16,6,G,16,,,False,2
t6_S_G17,6,G,17,AB_r,AB_r,False,0
t6_S_G18,6,G,18,AB_r,AB_r,False,2
t6_S_G19,6,G,19,,,False,0
t6_S_G20,6,G,20,,,False,2
t6_S_G21,6,G,21,UI,UI,False,0
t6_S_G22,6,G,22,UI,UI,False,2
t6_S_G23,6,G,23,bl,bl,False,0
t6_S_G24,6,G,24,bl,bl,False,2
t6_S_H1,6,H,1,,,False,1
t6_S_H2,6,H,2,,,False,3
t6_S_H3,6,H,3,,,False,1
t6_S_H4,6,H,4,,,False,3
t6_S_H5,6,H,5,wt,wt,False,1
t6_S_H6,6,H,6,wt,wt,False,3
t6_S_H7,6,H,7,,,False,1
t6_S_H8,6,H,8,,,False,3
t6_S_H9,6,H,9,A_r,A_r,False,1
t6_S_H10,6,H,10,A_r,A_r,False,3
t6_S_H11,6,H,11,,,False,1
t6_S_H12,6,H,12,,,False,3
t6_S_H13,6,H,13,B_r,B_r,False,1
t6_S_H14,6,H,14,B_r,B_r,False,3
t6_S_H15,6,H,15,,,False,1
t6_S_H16,6,H,16,,,False,3
t6_S_H17,6,H,17,AB_r,AB_r,False,1
t6_S_H18,6,H,18,AB_r,AB_r,False,3
t6_S_H19,6,H,19,,,False,1
t6_S_H20,6,H,20,,,False,3
t6_S_H21,6,H,21,UI,UI,False,1
t6_S_H22,6,H,22,UI,UI,False,3
t6_S_H23,6,H,23,bl,bl,False,1
t6_S_H24,6,H,24,bl,bl,False,3
t6_S_I1,6,I,1,,,False,0
t6_S_I2,6,I,2,,,False,2
t6_S_I3,6,I,3,,,False,0
t6_S_I4,6,I,4,,,False,2
t6_S_I5,6,I,5,,,False,0
t6_S_I6,6,I,6,,,False,2
t6_S_I7,6,I,7,,,False,0
t6_S_I8,6,I,8,,,False,2
t6_S_I9,6,I,9,,,False,0
t6_S_I10,6,I,10,,,False,2
t6_S_I11,6,I,11,,,False,0
t6_S_I12,6,I,12,,,False,2
t6_S_I13,6,I,13,,,False,0
t6_S_I14,6,I,14,,,False,2
t6_S_I15,6,I,15,,,False,0
t6_S_I16,6,I,16,,,False,2
t6_S_I17,6,I,17,,,False,0
t6_S_I18,6,I,18,,,False,2
t6_S_I19,6,I,19,,,False,0
t6_S_I20,6,I,20,,,False,2
t6_S_I21,6,I,21,,,False,0
t6_S_I22,6,I,22,,,False,2
t6_S_I23,6,I,23,,,False,0
t6_S_I24,6,I,24,,,False,2
t6_S_J1,6,J,1,,,False,1
t6_S_J2,6,J,2,,,False,3
t6_S_J3,6,J,3,,,False,1
t6_S_J4,6,J,4,,,False,3
t6_S_J5,6,J,5,,,False,1
t6_S_J6,6,J,6,,,False,3
t6_S_J7,6,J,7,,,False,1
t6_S_J8,6,J,8,,,False,3
t6_S_J9,6,J,9,,,False,1
t6_S_J10,6,J,10,,,False,3
t6_S_J11,6,J,11,,,False,1
t6_S_J12,6,J,12,,,False,3
t6_S_J13,6,J,13,,,False,1
t6_S_J14,6,J,14,,,False,3
t6_S_J15,6,J,15,,,False,1
t6_S_J16,6,J,16,,,False,3
t6_S_J17,6,J,17,,,False,1
t6_S_J18,6,J,18,,,False,3
t6_S_J19,6,J,19,,,False,1
t6_S_J20,6,J,20,,,False,3
t6_S_J21,6,J,21,,,False,1
t6_S_J22,6,J,22,,,False,3
t6_S_J23,6,J,23,,,False,1
t6_S_J24,6,J,24,,,False,3
t6_S_K1,6,K,1,,,False,0
t6_S_K2,6,K,2,,,False,2
t6_S_K3,6,K,3,,,False,0
t6_S_K4,6,K,4,,,False,2
t6_S_K5,6,K,5,,,False,0
t6_S_K6,6,K,6,,,False,2
t6_S_K7,6,K,7,,,False,0
t6_S_K8,6,K,8,,,False,2
t6_S_K9,6,K,9,,,False,0
t6_S_K10,6,K,10,,,False,2
t6_S_K11,6,K,11,,,False,0
t6_S_K12,6,K,12,,,False,2
t6_S_K13,6,K,13,,,False,0
t6_S_K14,6,K,14,,,False,2
t6_S_K15,6,K,15,,,False,0
t6_S_K16,6,K,16,,,False,2
t6_S_K17,6,K,17,,,False,0
t6_S_K18,6,K,18,,,False,2
t6_S_K19,6,K,19,,,False,0
t6_S_K20,6,K,20,,,False,2
t6_S_K21,6,K,21,,,False,0
t6_S_K22,6,K,22,,,False,2
t6_S_K23,6,K,23,,,False,0
t6_S_K24,6,K,24,,,False,2
t6_S_L1,6,L,1,,,False,1
t6_S_L2,6,L,2,,,False,3
t6_S_L3,6,L,3,,,False,1
t6_S_L4,6,L,4,,,False,3
t6_S_L5,6,L,5,,,False,1
t6_S_L6,6,L,6,,,False,3
t6_S_L7,6,L,7,,,False,1
t6_S_L8,6,L,8,,,False,3
t6_S_L9,6,L,9,,,False,1
t6_S_L10,6,L,10,,,False,3
t6_S_L11,6,L,11,,,False,1
t6_S_L12,6,L,12,,,False,3
t6_S_L13,6,L,13,,,False,1
t6_S_L14,6,L,14,,,False,3
t6_S_L15,6,L,15,,,False,1
t6_S_L16,6,L,16,,,False,3
t6_S_L17,6,L,17,,,False,1
t6_S_L18,6,L,18,,,False,3
t6_S_L19,6,L,19,,,False,1
t6_S_L20,6,L,20,,,False,3
t6_S_L21,6,L,21,,,False,1
t6_S_L22,6,L,22,,,False,3
t6_S_L23,6,L,23,,,False,1
t6_S_L24,6,L,24,,,False,3
t6_S_M1,6,M,1,,,False,0
t6_S_M2,6,M,2,,,False,2
t6_S_M3,6,M,3,,,False,0
t6_S_M4,6,M,4,,,False,2
t6_S_M5,6,M,5,,,False,0
t6_S_M6,6,M,6,,,False,2
t6_S_M7,6,M,7,,,False,0
t6_S_M8,6,M,8,,,False,2
t6_S_M9,6,M,9,,,False,0
t6_S_M10,6,M,10,,,False,2
t6_S_M11,6,M,11,,,False,0
t6_S_M12,6,M,12,,,False,2
t6_S_M13,6,M,13,,,False,0
t6_S_M14,6,M,14,,,False,2
t6_S_M15,6,M,15,,,False,0
t6_S_M16,6,M,16,,,False,2
t6_S_M17,6,M,17,,,False,0
t6_S_M18,6,M,18,,,False,2
t6_S_M19,6,M,19,,,False,0
t6_S_M20,6,M,20,,,False,2
t6_S_M21,6,M,21,,,False,0
t6_S_M22,6,M,22,,,False,2
t6_S_M23,6,M,23,,,False,0
t6_S_M24,6,M,24,,,False,2
t6_S_N1,6,N,1,,,False,1
t6_S_N2,6,N,2,,,False,3
t6_S_N3,6,N,3,,,False,1
t6_S_N4,6,N,4,,,False,3
t6_S_N5,6,N,5,,,False,1
t6_S_N6,6,N,6,,,False,3
t6_S_N7,6,N,7,,,False,1
t6_S_N8,6,N,8,,,False,3
t6_S_N9,6,N,9,,,False,1
t6_S_N10,6,N,10,,,False,3
t6_S_N11,6,N,11,,,False,1
t6_S_N12,6,N,12,,,False,3
t6_S_N13,6,N,13,,,False,1
t6_S_N14,6,N,14,,,False,3
t6_S_N15,6,N,15,,,False,1
t6_S_N16,6,N,16,,,False,3
t6_S_N17,6,N,17,,,False,1
t6_S_N18,6,N,18,,,False,3
t6_S_N19,6,N,19,,,False,1
t6_S_N20,6,N,20,,,False,3
t6_S_N21,6,N,21,,,False,1
t6_S_N22,6,N,22,,,False,3
t6_S_N23,6,N,23,,,False,1
t6_S_N24,6,N,24,,,False,3
t6_S_O1,6,O,1,,,False,0
t6_S_O2,6,O,2,,,False,2
t6_S_O3,6,O,3,,,False,0
t6_S_O4,6,O,4,,,False,2
t6_S_O5,6,O,5,,,False,0
t6_S_O6,6,O,6,,,False,2
t6_S_O7,6,O,7,,,False,0
t6_S_O8,6,O,8,,,False,2
t6_S_O9,6,O,9,,,False,0
t6_S_O10,6,O,10,,,False,2
t6_S_O11,6,O,11,,,False,0
t6_S_O12,6,O,12,,,False,2
t6_S_O13,6,O,13,,,False,0
t6_S_O14,6,O,14,,,False,2
t6_S_O15,6,O,15,,,False,0
t6_S_O16,6,O,16,,,False,2
t6_S_O17,6,O,17,,,False,0
t6_S_O18,6,O,18,,,False,2
t6_S_O19,6,O,19,,,False,0
t6_S_O20,6,O,20,,,False,2
t6_S_O21,6,O,21,,,False,0
t6_S_O22,6,O,22,,,False,2
t6_S_O23,6,O,23,,,False,0
t6_S_O24,6,O,24,,,False,2
t6_S_P1,6,P,1,,,False,1
t6_S_P2,6,P,2,,,False,3
t6_S_P3,6,P,3,,,False,1
t6_S_P4,6,P,4,,,False,3
t6_S_P5,6,P,5,,,False,1
t6_S_P6,6,P,6,,,False,3
t6_S_P7,6,P,7,,,False,1
t6_S_P8,6,P,8,,,False,3
t6_S_P9,6,P,9,,,False,1
t6_S_P10,6,P,10,,,False,3
t6_S_P11,6,P,11,,,False,1
t6_S_P12,6,P,12,,,False,3
t6_S_P13,6,P,13,,,False,1
t6_S_P14,6,P,14,,,False,3
t6_S_P15,6,P,15,,,False,1
t6_S_P16,6,P,16,,,False,3
t6_S_P17,6,P,17,,,False,1
t6_S_P18,6,P,18,,,False,3
t6_S_P19,6,P,19,,,False,1
t6_S_P20,6,P,20,,,False,3
t6_S_P21,6,P,21,,,False,1
t6_S_P22,6,P,22,,,False,3
t6_S_P23,6,P,23,,,False,1
t6_S_P24,6,P,24,,,False,3
